-- phpMyAdmin SQL Dump
-- version 5.1.1
-- https://www.phpmyadmin.net/
--
-- Host: 127.0.0.1
-- Generation Time: Dec 06, 2021 at 04:08 PM
-- Server version: 10.4.21-MariaDB
-- PHP Version: 8.0.12

SET SQL_MODE = "NO_AUTO_VALUE_ON_ZERO";
START TRANSACTION;
SET time_zone = "+00:00";


/*!40101 SET @OLD_CHARACTER_SET_CLIENT=@@CHARACTER_SET_CLIENT */;
/*!40101 SET @OLD_CHARACTER_SET_RESULTS=@@CHARACTER_SET_RESULTS */;
/*!40101 SET @OLD_COLLATION_CONNECTION=@@COLLATION_CONNECTION */;
/*!40101 SET NAMES utf8mb4 */;

--
-- Database: `db_paktikum_prognet`
--

-- --------------------------------------------------------

--
-- Table structure for table `admins`
--

CREATE TABLE `admins` (
  `id` int(10) UNSIGNED NOT NULL,
  `name` varchar(255) COLLATE utf8mb4_unicode_ci NOT NULL,
  `profile_image` varchar(191) COLLATE utf8mb4_unicode_ci DEFAULT NULL,
  `phone` varchar(12) COLLATE utf8mb4_unicode_ci DEFAULT NULL,
  `email` varchar(255) COLLATE utf8mb4_unicode_ci NOT NULL,
  `password` varchar(255) COLLATE utf8mb4_unicode_ci NOT NULL,
  `is_super` tinyint(1) NOT NULL DEFAULT 0,
  `remember_token` varchar(100) COLLATE utf8mb4_unicode_ci DEFAULT NULL,
  `created_at` timestamp NULL DEFAULT NULL,
  `updated_at` timestamp NULL DEFAULT NULL
) ENGINE=InnoDB DEFAULT CHARSET=utf8mb4 COLLATE=utf8mb4_unicode_ci;

--
-- Dumping data for table `admins`
--

INSERT INTO `admins` (`id`, `name`, `profile_image`, `phone`, `email`, `password`, `is_super`, `remember_token`, `created_at`, `updated_at`) VALUES
(3, 'silvia', NULL, '', 'silvia@gmail.com', '25d55ad283aa400af464c76d713c07ad', 0, NULL, '2021-04-06 07:28:36', '2021-04-06 07:28:36'),
(4, 'eci', NULL, '', 'eci@gmail.com', '$2y$10$Lj0bThQmKZTfZdKg4yca0.SANrKcAjrkj2ziD0TE8L14VANGkkAki', 0, NULL, '2021-04-06 07:38:21', '2021-04-06 07:38:21'),
(5, 'debudhi', 'f9db9c87d53474980ac80f6b74581821025.jpg', '081999121243', 'debudhiart@gmail.com', '25d55ad283aa400af464c76d713c07ad', 0, NULL, '2021-04-08 08:07:56', '2021-05-14 07:47:22'),
(6, 'bunda', NULL, '', 'bunda@gmail.com', '55b0c86ed75326a42b7a48c3fbf67baf', 0, NULL, '2021-04-10 08:31:45', '2021-04-10 08:31:45'),
(7, 'naruto', NULL, '', 'naruto@gmail.com', '$2y$10$gAqYZHYhbP.vofQ4HucPYOIL6bZi3XMiVbvmrOvFj4kK5HV1VlitW', 0, NULL, '2021-04-10 09:23:22', '2021-04-10 09:23:22'),
(8, 'eren', NULL, '', 'eren@gmail.com', '$2y$10$3Dxq1Y.8tOOII8bmMNQ2lujIvvjxrLRGKcuugTYHJc4M/HupqjpFa', 0, NULL, '2021-04-10 09:49:00', '2021-04-10 09:49:00'),
(9, 'meita d', NULL, '', 'meita_d@gmail.com', '24be8613caa4a7c804987efb6c312f0f', 0, NULL, '2021-05-11 12:04:26', '2021-05-11 12:04:26'),
(10, 'Dede Budhi', NULL, '081999121243', 'budhidede_@gmail.com', '$2y$10$qXMsGdo6BWUZoDr2UaWdKeOph3d4.7BJtROfvBH4ceZJMOELCdNz2', 0, NULL, '2021-05-13 14:42:58', '2021-05-13 14:42:58'),
(11, 'salsa', NULL, '0897252117', 'salsa@gmail.com', 'salsa', 0, NULL, NULL, NULL),
(12, 'salsabila', NULL, '1234567890', 'salsabila@gmail.com', 'salsabila', 0, NULL, NULL, NULL),
(100, 'Nicholas ', NULL, '082288007370', 'nicholas@gmail.com', '12345678', 0, NULL, NULL, NULL),
(101, 'caca', NULL, NULL, 'caca@gmail.com', '$2y$10$OrzF3dASFXYP0I7wvUZNLOcTuLotm4DDGk1QiWJi9wwpKsgdqxWZm', 0, NULL, '2021-12-04 10:33:16', '2021-12-04 10:33:16'),
(103, 'herbet', NULL, NULL, 'herbet@gmail.com', '$2y$10$VdSYyKh7J7soJxgsBpBQvOhd4xkCZu/MuWDoufH0.aNfjtrReYKu2', 0, NULL, '2021-12-04 10:34:18', '2021-12-04 10:34:18');

-- --------------------------------------------------------

--
-- Table structure for table `admin_notifications`
--

CREATE TABLE `admin_notifications` (
  `id` int(11) NOT NULL,
  `type` varchar(191) COLLATE utf8mb4_unicode_ci NOT NULL,
  `notifiable_type` varchar(191) COLLATE utf8mb4_unicode_ci NOT NULL,
  `notifiable_id` int(10) UNSIGNED NOT NULL,
  `data` text COLLATE utf8mb4_unicode_ci NOT NULL,
  `read_at` timestamp NULL DEFAULT NULL,
  `created_at` timestamp NULL DEFAULT NULL,
  `updated_at` timestamp NULL DEFAULT NULL
) ENGINE=InnoDB DEFAULT CHARSET=utf8mb4 COLLATE=utf8mb4_unicode_ci;

--
-- Dumping data for table `admin_notifications`
--

INSERT INTO `admin_notifications` (`id`, `type`, `notifiable_type`, `notifiable_id`, `data`, `read_at`, `created_at`, `updated_at`) VALUES
(3, 'App\\Notifications\\AdminNotification', 'App\\User', 5, '{\"nama\":\"Arta Kusuma\",\"massage\":\"Telah melakukan transaksi\",\"id\":97}', '2021-05-11 15:00:47', '2021-05-11 14:52:20', '2021-05-11 15:00:47'),
(4, 'App\\Notifications\\AdminNotification', 'App\\User', 5, '{\"nama\":\"Arta Kusuma\",\"massage\":\"Telah melakukan transaksi\",\"id\":98}', '2021-05-15 16:20:11', '2021-05-12 18:43:17', '2021-05-15 16:20:11'),
(5, 'App\\Notifications\\AdminNotification', 'App\\User', 5, '{\"nama\":\"Arta Kusuma\",\"massage\":\"Telah melakukan transaksi\",\"id\":99}', NULL, '2021-05-12 18:45:35', '2021-05-12 18:45:35'),
(6, 'App\\Notifications\\AdminNotification', 'App\\User', 5, '{\"nama\":\"Arta Kusuma\",\"massage\":\"Telah membatalkan pesanan\",\"id\":98}', '2021-05-12 19:14:15', '2021-05-12 19:09:52', '2021-05-12 19:14:15'),
(7, 'App\\Notifications\\AdminNotification', 'App\\User', 5, '{\"nama\":\"Arta Kusuma\",\"massage\":\"Telah melakukan transaksi\",\"id\":102}', '2021-05-12 19:18:53', '2021-05-12 19:17:51', '2021-05-12 19:18:53'),
(8, 'App\\Notifications\\AdminNotification', 'App\\User', 5, '{\"nama\":\"Arta Kusuma\",\"massage\":\"Telah melakukan transaksi\",\"id\":103}', '2021-05-12 19:39:16', '2021-05-12 19:39:04', '2021-05-12 19:39:16'),
(9, 'App\\Notifications\\AdminNotification', 'App\\User', 5, '{\"nama\":\"Arta Kusuma\",\"massage\":\"Telah melakukan transaksi\",\"id\":104}', '2021-05-12 19:52:08', '2021-05-12 19:51:18', '2021-05-12 19:52:08'),
(10, 'App\\Notifications\\AdminNotification', 'App\\User', 5, '{\"nama\":\"Arta Kusuma\",\"massage\":\"Telah melakukan transaksi\",\"id\":105}', '2021-05-12 21:24:57', '2021-05-12 20:43:55', '2021-05-12 21:24:57'),
(11, 'App\\Notifications\\AdminNotification', 'App\\User', 5, '{\"nama\":\"Arta Kusuma\",\"massage\":\"Telah melakukan transaksi\",\"id\":106}', '2021-05-12 21:21:41', '2021-05-12 21:21:29', '2021-05-12 21:21:41'),
(12, 'App\\Notifications\\AdminNotification', 'App\\User', 5, '{\"nama\":\"Arta Kusuma\",\"massage\":\"Telah melakukan transaksi\",\"id\":107}', '2021-05-12 21:24:55', '2021-05-12 21:22:46', '2021-05-12 21:24:55'),
(13, 'App\\Notifications\\AdminNotification', 'App\\User', 5, '{\"nama\":\"Arta Kusuma\",\"massage\":\"Telah membatalkan pesanan\",\"id\":107}', '2021-05-12 21:24:52', '2021-05-12 21:23:50', '2021-05-12 21:24:52'),
(14, 'App\\Notifications\\AdminNotification', 'App\\User', 5, '{\"nama\":\"Arta Kusuma\",\"massage\":\"Telah melakukan transaksi\",\"id\":108}', '2021-05-12 21:24:50', '2021-05-12 21:24:23', '2021-05-12 21:24:50'),
(15, 'App\\Notifications\\AdminNotification', 'App\\User', 5, '{\"nama\":\"Arta Kusuma\",\"massage\":\"Telah melakukan transaksi\",\"id\":109}', '2021-05-12 21:36:04', '2021-05-12 21:35:43', '2021-05-12 21:36:04'),
(16, 'App\\Notifications\\AdminNotification', 'App\\User', 5, '{\"nama\":\"budhi\",\"massage\":\"Telah melakukan transaksi\",\"id\":110}', '2021-05-13 17:41:19', '2021-05-13 08:10:37', '2021-05-13 17:41:19'),
(17, 'App\\Notifications\\AdminNotification', 'App\\User', 5, '{\"nama\":\"budhi\",\"massage\":\"Telah melakukan transaksi\",\"id\":111}', '2021-05-14 07:06:33', '2021-05-13 08:27:00', '2021-05-14 07:06:33'),
(18, 'App\\Notifications\\AdminNotification', 'App\\User', 5, '{\"nama\":\"budhi\",\"massage\":\"Telah melakukan transaksi\",\"id\":112}', '2021-05-13 11:20:07', '2021-05-13 11:05:10', '2021-05-13 11:20:07'),
(19, 'App\\Notifications\\AdminNotification', 'App\\User', 5, '{\"nama\":\"Arta Kusuma\",\"massage\":\"Telah melakukan transaksi\",\"id\":113}', '2021-05-13 11:22:00', '2021-05-13 11:21:36', '2021-05-13 11:22:00'),
(20, 'App\\Notifications\\AdminNotification', 'App\\User', 5, '{\"nama\":\"Dede Budhi\",\"massage\":\"Telah melakukan transaksi\",\"id\":114}', '2021-05-14 07:56:16', '2021-05-14 07:55:49', '2021-05-14 07:56:16'),
(21, 'App\\Notifications\\AdminNotification', 'App\\User', 5, '{\"nama\":\"Dede Budhi\",\"massage\":\"Telah melakukan transaksi\",\"id\":115}', '2021-05-14 07:58:31', '2021-05-14 07:58:15', '2021-05-14 07:58:31'),
(22, 'App\\Notifications\\AdminNotification', 'App\\User', 5, '{\"nama\":\"Arta Kusuma\",\"massage\":\"Telah membatalkan pesanan\",\"id\":\"4\"}', '2021-05-15 16:18:11', '2021-05-14 15:58:08', '2021-05-15 16:18:11'),
(23, 'App\\Notifications\\AdminNotification', 'App\\User', 5, '{\"nama\":\"Arta Kusuma\",\"massage\":\"Telah membatalkan pesanan\",\"id\":\"4\"}', '2021-05-15 16:17:35', '2021-05-14 16:03:01', '2021-05-15 16:17:35'),
(24, 'App\\Notifications\\AdminNotification', 'App\\User', 5, '{\"nama\":\"Arta Kusuma\",\"massage\":\"Telah melakukan transaksi\",\"id\":116}', '2021-05-15 16:19:35', '2021-05-14 16:03:54', '2021-05-15 16:19:35'),
(28, 'App\\Notifications\\AdminNotification', 'App\\User', 5, '{\"nama\":\"Arta Kusuma\",\"massage\":\"Telah melakukan transaksi\",\"id\":117}', '2021-05-15 14:41:51', '2021-05-15 14:18:38', '2021-05-15 14:41:51'),
(29, 'App\\Notifications\\AdminNotification', 'App\\User', 5, '{\"nama\":\"Arta Kusuma\",\"massage\":\"Telah melakukan transaksi\",\"id\":118}', '2021-05-15 14:59:13', '2021-05-15 14:58:36', '2021-05-15 14:59:13'),
(30, 'App\\Notifications\\AdminNotification', 'App\\User', 5, '{\"nama\":\"budhi\",\"massage\":\"Telah melakukan transaksi\",\"id\":119}', NULL, '2021-05-15 16:02:54', '2021-05-15 16:02:54'),
(31, 'App\\Notifications\\AdminNotification', 'App\\User', 5, '{\"nama\":\"budhi\",\"massage\":\"Telah membatalkan pesanan\",\"id\":119}', '2021-05-15 16:18:29', '2021-05-15 16:02:58', '2021-05-15 16:18:29'),
(32, 'App\\Notifications\\AdminNotification', 'App\\User', 5, '{\"nama\":\"Arta Kusuma\",\"massage\":\"Telah melakukan transaksi\",\"id\":120}', '2021-05-21 10:58:44', '2021-05-21 10:58:21', '2021-05-21 10:58:44'),
(33, 'App\\Notifications\\AdminNotification', 'App\\User', 5, '{\"nama\":\"budhi\",\"massage\":\"Telah melakukan transaksi\",\"id\":121}', NULL, '2021-05-25 14:40:24', '2021-05-25 14:40:24'),
(34, 'App\\Notifications\\AdminNotification', 'App\\User', 5, '{\"nama\":\"budhi\",\"massage\":\"Telah membatalkan pesanan\",\"id\":121}', NULL, '2021-05-25 14:40:29', '2021-05-25 14:40:29'),
(35, 'App\\Notifications\\AdminNotification', 'App\\User', 5, '{\"nama\":\"budhi\",\"massage\":\"Telah melakukan transaksi\",\"id\":122}', NULL, '2021-05-25 14:47:42', '2021-05-25 14:47:42'),
(36, 'App\\Notifications\\AdminNotification', 'App\\User', 5, '{\"nama\":\"Arta Kusuma\",\"massage\":\"Telah melakukan transaksi\",\"id\":123}', NULL, '2021-05-27 10:28:22', '2021-05-27 10:28:22'),
(37, 'App\\Notifications\\AdminNotification', 'App\\User', 5, '{\"nama\":\"Arta Kusuma\",\"massage\":\"Telah membatalkan pesanan\",\"id\":123}', NULL, '2021-05-27 10:28:24', '2021-05-27 10:28:24'),
(38, 'App\\Notifications\\AdminNotification', 'App\\User', 5, '{\"nama\":\"Arta Kusuma\",\"massage\":\"Telah melakukan transaksi\",\"id\":124}', NULL, '2021-05-27 10:31:03', '2021-05-27 10:31:03'),
(39, 'App\\Notifications\\AdminNotification', 'App\\User', 5, '{\"nama\":\"Arta Kusuma\",\"massage\":\"Telah melakukan transaksi\",\"id\":125}', NULL, '2021-05-31 06:33:49', '2021-05-31 06:33:49'),
(40, 'App\\Notifications\\AdminNotification', 'App\\User', 5, '{\"nama\":\"Arta Kusuma\",\"massage\":\"Telah membatalkan pesanan\",\"id\":125}', NULL, '2021-05-31 06:33:53', '2021-05-31 06:33:53'),
(41, 'App\\Notifications\\AdminNotification', 'App\\User', 5, '{\"nama\":\"Arta Kusuma\",\"massage\":\"Telah melakukan transaksi\",\"id\":126}', NULL, '2021-05-31 06:35:14', '2021-05-31 06:35:14'),
(42, 'App\\Notifications\\AdminNotification', 'App\\User', 5, '{\"nama\":\"Arta Kusuma\",\"massage\":\"Telah membatalkan pesanan\",\"id\":126}', NULL, '2021-05-31 06:35:32', '2021-05-31 06:35:32'),
(43, 'App\\Notifications\\AdminNotification', 'App\\User', 5, '{\"nama\":\"Arta Kusuma\",\"massage\":\"Telah melakukan transaksi\",\"id\":127}', NULL, '2021-05-31 06:36:01', '2021-05-31 06:36:01'),
(44, 'App\\Notifications\\AdminNotification', 'App\\User', 5, '{\"nama\":\"gigi\",\"massage\":\"Telah melakukan transaksi\",\"id\":128}', '2021-12-04 10:35:11', '2021-12-04 10:27:05', '2021-12-04 10:35:11'),
(45, 'App\\Notifications\\AdminNotification', 'App\\User', 5, '{\"nama\":\"gigi\",\"massage\":\"Telah melakukan transaksi\",\"id\":129}', NULL, '2021-12-06 14:43:02', '2021-12-06 14:43:02');

-- --------------------------------------------------------

--
-- Table structure for table `carts`
--

CREATE TABLE `carts` (
  `id` int(10) UNSIGNED NOT NULL,
  `user_id` int(10) UNSIGNED NOT NULL,
  `product_id` int(10) UNSIGNED NOT NULL,
  `qty` int(11) NOT NULL,
  `created_at` timestamp NULL DEFAULT NULL,
  `updated_at` timestamp NULL DEFAULT NULL,
  `status` enum('checkedout','notyet','cancelled') COLLATE utf8mb4_unicode_ci DEFAULT NULL
) ENGINE=InnoDB DEFAULT CHARSET=utf8mb4 COLLATE=utf8mb4_unicode_ci;

--
-- Dumping data for table `carts`
--

INSERT INTO `carts` (`id`, `user_id`, `product_id`, `qty`, `created_at`, `updated_at`, `status`) VALUES
(1, 3, 1, 1, '2021-04-10 11:33:10', '2021-05-25 14:47:42', 'checkedout'),
(7, 4, 1, 1, '2021-04-13 06:13:14', '2021-04-13 06:13:14', 'notyet'),
(14, 3, 6, 1, '2021-04-19 12:22:36', '2021-05-25 14:47:42', 'checkedout'),
(15, 3, 3, 2, '2021-04-19 13:19:03', '2021-05-25 14:47:42', 'checkedout'),
(19, 3, 1, 2, '2021-05-01 10:44:24', '2021-05-25 14:47:42', 'checkedout'),
(20, 3, 8, 1, '2021-05-01 10:48:19', '2021-05-25 14:47:42', 'checkedout'),
(21, 3, 16, 1, '2021-05-01 10:58:18', '2021-05-25 14:47:42', 'checkedout'),
(22, 3, 17, 1, '2021-05-01 10:58:26', '2021-05-25 14:47:42', 'checkedout'),
(23, 3, 1, 1, '2021-05-01 13:16:47', '2021-05-25 14:47:42', 'checkedout'),
(25, 3, 2, 1, '2021-05-01 13:20:04', '2021-05-25 14:47:42', 'checkedout'),
(30, 3, 1, 1, '2021-05-01 13:48:56', '2021-05-25 14:47:42', 'checkedout'),
(31, 3, 2, 1, '2021-05-01 13:48:59', '2021-05-25 14:47:42', 'checkedout'),
(32, 3, 3, 1, '2021-05-01 13:50:30', '2021-05-25 14:47:42', 'checkedout'),
(33, 3, 2, 2, '2021-05-01 14:33:17', '2021-05-25 14:47:42', 'checkedout'),
(34, 3, 3, 1, '2021-05-01 14:33:23', '2021-05-25 14:47:42', 'checkedout'),
(35, 3, 3, 1, '2021-05-01 14:36:27', '2021-05-25 14:47:42', 'checkedout'),
(36, 3, 7, 1, '2021-05-01 14:42:11', '2021-05-25 14:47:42', 'checkedout'),
(37, 3, 9, 1, '2021-05-01 14:42:21', '2021-05-25 14:47:42', 'checkedout'),
(38, 3, 16, 1, '2021-05-01 14:44:47', '2021-05-25 14:47:42', 'checkedout'),
(39, 3, 17, 1, '2021-05-01 14:44:58', '2021-05-25 14:47:42', 'checkedout'),
(40, 3, 2, 5, '2021-05-01 15:32:03', '2021-05-25 14:47:42', 'checkedout'),
(41, 3, 1, 3, '2021-05-01 15:35:28', '2021-05-25 14:47:42', 'checkedout'),
(42, 3, 1, 2, '2021-05-01 15:53:08', '2021-05-25 14:47:42', 'checkedout'),
(43, 3, 2, 2, '2021-05-01 15:53:24', '2021-05-25 14:47:42', 'checkedout'),
(44, 3, 1, 2, '2021-05-01 16:01:05', '2021-05-25 14:47:42', 'checkedout'),
(45, 3, 4, 10, '2021-05-01 16:01:10', '2021-05-25 14:47:42', 'checkedout'),
(47, 3, 9, 3, '2021-05-01 16:24:35', '2021-05-25 14:47:42', 'checkedout'),
(49, 3, 2, 3, '2021-05-01 16:33:24', '2021-05-25 14:47:42', 'checkedout'),
(53, 3, 7, 3, '2021-05-01 16:38:22', '2021-05-25 14:47:42', 'checkedout'),
(54, 3, 19, 3, '2021-05-01 16:38:32', '2021-05-25 14:47:42', 'checkedout'),
(57, 3, 1, 1, '2021-05-01 16:59:06', '2021-05-25 14:47:42', 'checkedout'),
(77, 3, 6, 2, '2021-05-02 03:49:15', '2021-05-25 14:47:42', 'checkedout'),
(87, 3, 3, 3, '2021-05-02 08:51:18', '2021-05-25 14:47:42', 'checkedout'),
(88, 3, 1, 1, '2021-05-02 11:47:05', '2021-05-25 14:47:42', 'checkedout'),
(89, 3, 1, 2, '2021-05-02 12:11:50', '2021-05-25 14:47:42', 'checkedout'),
(94, 3, 1, 2, '2021-05-02 13:19:51', '2021-05-25 14:47:42', 'checkedout'),
(96, 3, 5, 3, '2021-05-02 13:20:41', '2021-05-25 14:47:42', 'checkedout'),
(97, 3, 9, 2, '2021-05-02 13:20:48', '2021-05-25 14:47:42', 'checkedout'),
(102, 3, 7, 3, '2021-05-02 13:52:39', '2021-05-25 14:47:42', 'checkedout'),
(103, 3, 8, 2, '2021-05-02 14:04:45', '2021-05-25 14:47:42', 'checkedout'),
(104, 3, 1, 5, '2021-05-02 14:06:17', '2021-05-25 14:47:42', 'checkedout'),
(105, 3, 1, 1, '2021-05-02 14:18:10', '2021-05-25 14:47:42', 'checkedout'),
(106, 3, 7, 2, '2021-05-02 14:27:02', '2021-05-25 14:47:42', 'checkedout'),
(107, 3, 9, 3, '2021-05-02 14:27:07', '2021-05-25 14:47:42', 'checkedout'),
(108, 3, 1, 1, '2021-05-02 14:32:55', '2021-05-25 14:47:42', 'checkedout'),
(109, 3, 6, 3, '2021-05-02 15:29:16', '2021-05-25 14:47:42', 'checkedout'),
(110, 3, 2, 1, '2021-05-02 15:47:19', '2021-05-25 14:47:42', 'checkedout'),
(111, 3, 6, 1, '2021-05-02 15:49:12', '2021-05-25 14:47:42', 'checkedout'),
(112, 3, 2, 1, '2021-05-02 16:36:56', '2021-05-25 14:47:42', 'checkedout'),
(113, 3, 2, 1, '2021-05-02 16:42:47', '2021-05-25 14:47:42', 'checkedout'),
(114, 3, 5, 1, '2021-05-02 16:44:19', '2021-05-25 14:47:42', 'checkedout'),
(115, 3, 9, 1, '2021-05-02 16:46:29', '2021-05-25 14:47:42', 'checkedout'),
(116, 3, 1, 1, '2021-05-02 16:48:59', '2021-05-25 14:47:42', 'checkedout'),
(117, 3, 9, 1, '2021-05-02 16:57:07', '2021-05-25 14:47:42', 'checkedout'),
(118, 3, 2, 1, '2021-05-03 07:16:44', '2021-05-25 14:47:42', 'checkedout'),
(119, 3, 2, 3, '2021-05-03 09:10:14', '2021-05-25 14:47:42', 'checkedout'),
(121, 3, 1, 2, '2021-05-03 14:18:50', '2021-05-25 14:47:42', 'checkedout'),
(122, 5, 2, 2, '2021-05-06 14:51:58', '2021-05-31 06:36:01', 'checkedout'),
(123, 5, 1, 2, '2021-05-06 14:52:12', '2021-05-31 06:36:01', 'checkedout'),
(124, 5, 4, 2, '2021-05-06 18:59:00', '2021-05-31 06:36:01', 'checkedout'),
(125, 5, 6, 2, '2021-05-06 19:41:05', '2021-05-31 06:36:01', 'checkedout'),
(126, 5, 17, 3, '2021-05-06 19:41:20', '2021-05-31 06:36:01', 'checkedout'),
(127, 5, 18, 1, '2021-05-06 19:41:32', '2021-05-31 06:36:01', 'checkedout'),
(128, 5, 3, 2, '2021-05-08 08:40:37', '2021-05-31 06:36:01', 'checkedout'),
(129, 5, 3, 3, '2021-05-08 08:42:38', '2021-05-31 06:36:01', 'checkedout'),
(130, 5, 3, 2, '2021-05-08 08:44:15', '2021-05-31 06:36:01', 'checkedout'),
(137, 5, 6, 2, '2021-05-08 14:00:29', '2021-05-31 06:36:01', 'checkedout'),
(138, 5, 1, 3, '2021-05-08 14:00:32', '2021-05-31 06:36:01', 'checkedout'),
(139, 5, 2, 1, '2021-05-08 14:33:52', '2021-05-31 06:36:01', 'checkedout'),
(140, 5, 3, 2, '2021-05-08 16:27:00', '2021-05-31 06:36:01', 'checkedout'),
(141, 5, 2, 2, '2021-05-08 16:58:59', '2021-05-31 06:36:01', 'checkedout'),
(142, 5, 7, 3, '2021-05-08 17:02:26', '2021-05-31 06:36:01', 'checkedout'),
(143, 5, 9, 3, '2021-05-08 17:14:47', '2021-05-31 06:36:01', 'checkedout'),
(144, 5, 5, 3, '2021-05-09 05:23:51', '2021-05-31 06:36:01', 'checkedout'),
(145, 5, 15, 2, '2021-05-09 05:24:00', '2021-05-31 06:36:01', 'checkedout'),
(146, 5, 20, 12, '2021-05-09 05:31:51', '2021-05-31 06:36:01', 'checkedout'),
(147, 5, 9, 1, '2021-05-09 05:33:04', '2021-05-31 06:36:01', 'checkedout'),
(148, 5, 3, 1, '2021-05-09 06:06:42', '2021-05-31 06:36:01', 'checkedout'),
(149, 5, 5, 3, '2021-05-09 08:21:18', '2021-05-31 06:36:01', 'checkedout'),
(150, 5, 6, 1, '2021-05-11 13:57:11', '2021-05-31 06:36:01', 'checkedout'),
(151, 5, 5, 2, '2021-05-11 14:26:55', '2021-05-31 06:36:01', 'checkedout'),
(152, 5, 7, 1, '2021-05-11 14:50:19', '2021-05-31 06:36:01', 'checkedout'),
(153, 5, 7, 2, '2021-05-11 14:52:06', '2021-05-31 06:36:01', 'checkedout'),
(154, 5, 9, 3, '2021-05-12 18:41:59', '2021-05-31 06:36:01', 'checkedout'),
(155, 5, 4, 3, '2021-05-12 18:44:18', '2021-05-31 06:36:01', 'checkedout'),
(156, 5, 15, 2, '2021-05-12 18:44:33', '2021-05-31 06:36:01', 'checkedout'),
(157, 5, 5, 2, '2021-05-12 19:14:42', '2021-05-31 06:36:01', 'checkedout'),
(158, 5, 5, 2, '2021-05-12 19:38:34', '2021-05-31 06:36:01', 'checkedout'),
(160, 5, 11, 3, '2021-05-12 19:50:17', '2021-05-31 06:36:01', 'checkedout'),
(162, 5, 19, 1, '2021-05-12 19:50:48', '2021-05-31 06:36:01', 'checkedout'),
(163, 5, 1, 1, '2021-05-12 20:38:23', '2021-05-31 06:36:01', 'checkedout'),
(164, 5, 11, 1, '2021-05-12 20:41:07', '2021-05-31 06:36:01', 'checkedout'),
(168, 5, 7, 1, '2021-05-12 20:45:39', '2021-05-31 06:36:01', 'checkedout'),
(170, 5, 5, 1, '2021-05-12 21:22:28', '2021-05-31 06:36:01', 'checkedout'),
(171, 5, 5, 1, '2021-05-12 21:23:57', '2021-05-31 06:36:01', 'checkedout'),
(172, 5, 4, 3, '2021-05-12 21:35:26', '2021-05-31 06:36:01', 'checkedout'),
(173, 3, 2, 1, '2021-05-13 08:10:15', '2021-05-25 14:47:42', 'checkedout'),
(174, 3, 2, 1, '2021-05-13 08:26:38', '2021-05-25 14:47:42', 'checkedout'),
(175, 3, 16, 3, '2021-05-13 11:03:31', '2021-05-25 14:47:42', 'checkedout'),
(176, 3, 1, 2, '2021-05-13 11:03:37', '2021-05-25 14:47:42', 'checkedout'),
(177, 5, 6, 2, '2021-05-13 11:18:23', '2021-05-31 06:36:01', 'checkedout'),
(178, 14, 9, 1, '2021-05-13 18:16:53', '2021-05-13 18:16:53', 'notyet'),
(179, 14, 1, 1, '2021-05-13 18:17:04', '2021-05-13 18:17:04', 'notyet'),
(181, 8, 6, 2, '2021-05-14 07:55:19', '2021-05-14 07:58:15', 'checkedout'),
(182, 8, 7, 2, '2021-05-14 07:55:26', '2021-05-14 07:58:15', 'checkedout'),
(183, 8, 6, 2, '2021-05-14 07:57:54', '2021-05-14 07:58:15', 'checkedout'),
(184, 8, 7, 2, '2021-05-14 07:58:00', '2021-05-14 07:58:15', 'checkedout'),
(185, 5, 4, 1, '2021-05-14 16:03:32', '2021-05-31 06:36:01', 'checkedout'),
(189, 5, 2, 2, '2021-05-15 13:46:10', '2021-05-31 06:36:01', 'checkedout'),
(190, 5, 1, 2, '2021-05-15 13:46:13', '2021-05-31 06:36:01', 'checkedout'),
(191, 5, 2, 1, '2021-05-15 14:56:44', '2021-05-31 06:36:01', 'checkedout'),
(192, 3, 5, 1, '2021-05-15 16:02:35', '2021-05-25 14:47:42', 'checkedout'),
(194, 3, 5, 1, '2021-05-15 19:20:03', '2021-05-25 14:47:42', 'checkedout'),
(195, 3, 7, 1, '2021-05-15 19:20:09', '2021-05-25 14:47:42', 'checkedout'),
(197, 5, 6, 2, '2021-05-21 10:58:00', '2021-05-31 06:36:01', 'checkedout'),
(200, 3, 2, 1, '2021-05-25 14:47:22', '2021-05-25 14:47:42', 'checkedout'),
(204, 5, 2, 2, '2021-05-27 10:27:11', '2021-05-31 06:36:01', 'checkedout'),
(205, 5, 2, 1, '2021-05-27 10:30:45', '2021-05-31 06:36:01', 'checkedout'),
(206, 5, 2, 1, '2021-05-27 10:51:13', '2021-05-31 06:36:01', 'checkedout'),
(207, 5, 2, 1, '2021-05-31 06:34:40', '2021-05-31 06:36:01', 'checkedout'),
(208, 5, 2, 1, '2021-05-31 06:35:38', '2021-05-31 06:36:01', 'checkedout'),
(209, 16, 1, 1, '2021-11-02 09:49:25', '2021-11-02 09:49:25', 'notyet'),
(210, 18, 17, 1, '2021-12-04 09:40:43', '2021-12-06 14:43:02', 'checkedout'),
(211, 18, 17, 1, '2021-12-04 10:26:34', '2021-12-06 14:43:02', 'checkedout'),
(212, 18, 17, 1, '2021-12-06 14:33:37', '2021-12-06 14:43:02', 'checkedout');

-- --------------------------------------------------------

--
-- Table structure for table `cities`
--

CREATE TABLE `cities` (
  `id` bigint(20) UNSIGNED NOT NULL,
  `province_id` int(10) UNSIGNED NOT NULL,
  `city_id` int(10) UNSIGNED NOT NULL,
  `name` varchar(255) COLLATE utf8mb4_unicode_ci NOT NULL,
  `created_at` timestamp NULL DEFAULT NULL,
  `updated_at` timestamp NULL DEFAULT NULL
) ENGINE=InnoDB DEFAULT CHARSET=utf8mb4 COLLATE=utf8mb4_unicode_ci;

--
-- Dumping data for table `cities`
--

INSERT INTO `cities` (`id`, `province_id`, `city_id`, `name`, `created_at`, `updated_at`) VALUES
(1, 1, 17, 'Badung', '2021-05-01 07:42:24', '2021-05-01 07:42:24'),
(2, 1, 32, 'Bangli', '2021-05-01 07:42:24', '2021-05-01 07:42:24'),
(3, 1, 94, 'Buleleng', '2021-05-01 07:42:24', '2021-05-01 07:42:24'),
(4, 1, 114, 'Denpasar', '2021-05-01 07:42:24', '2021-05-01 07:42:24'),
(5, 1, 128, 'Gianyar', '2021-05-01 07:42:24', '2021-05-01 07:42:24'),
(6, 1, 161, 'Jembrana', '2021-05-01 07:42:24', '2021-05-01 07:42:24'),
(7, 1, 170, 'Karangasem', '2021-05-01 07:42:24', '2021-05-01 07:42:24'),
(8, 1, 197, 'Klungkung', '2021-05-01 07:42:24', '2021-05-01 07:42:24'),
(9, 1, 447, 'Tabanan', '2021-05-01 07:42:24', '2021-05-01 07:42:24'),
(10, 2, 27, 'Bangka', '2021-05-01 07:42:25', '2021-05-01 07:42:25'),
(11, 2, 28, 'Bangka Barat', '2021-05-01 07:42:25', '2021-05-01 07:42:25'),
(12, 2, 29, 'Bangka Selatan', '2021-05-01 07:42:25', '2021-05-01 07:42:25'),
(13, 2, 30, 'Bangka Tengah', '2021-05-01 07:42:25', '2021-05-01 07:42:25'),
(14, 2, 56, 'Belitung', '2021-05-01 07:42:25', '2021-05-01 07:42:25'),
(15, 2, 57, 'Belitung Timur', '2021-05-01 07:42:25', '2021-05-01 07:42:25'),
(16, 2, 334, 'Pangkal Pinang', '2021-05-01 07:42:25', '2021-05-01 07:42:25'),
(17, 3, 106, 'Cilegon', '2021-05-01 07:42:26', '2021-05-01 07:42:26'),
(18, 3, 232, 'Lebak', '2021-05-01 07:42:26', '2021-05-01 07:42:26'),
(19, 3, 331, 'Pandeglang', '2021-05-01 07:42:26', '2021-05-01 07:42:26'),
(20, 3, 402, 'Serang', '2021-05-01 07:42:26', '2021-05-01 07:42:26'),
(21, 3, 403, 'Serang', '2021-05-01 07:42:26', '2021-05-01 07:42:26'),
(22, 3, 455, 'Tangerang', '2021-05-01 07:42:26', '2021-05-01 07:42:26'),
(23, 3, 456, 'Tangerang', '2021-05-01 07:42:26', '2021-05-01 07:42:26'),
(24, 3, 457, 'Tangerang Selatan', '2021-05-01 07:42:26', '2021-05-01 07:42:26'),
(25, 4, 62, 'Bengkulu', '2021-05-01 07:42:28', '2021-05-01 07:42:28'),
(26, 4, 63, 'Bengkulu Selatan', '2021-05-01 07:42:28', '2021-05-01 07:42:28'),
(27, 4, 64, 'Bengkulu Tengah', '2021-05-01 07:42:28', '2021-05-01 07:42:28'),
(28, 4, 65, 'Bengkulu Utara', '2021-05-01 07:42:28', '2021-05-01 07:42:28'),
(29, 4, 175, 'Kaur', '2021-05-01 07:42:28', '2021-05-01 07:42:28'),
(30, 4, 183, 'Kepahiang', '2021-05-01 07:42:28', '2021-05-01 07:42:28'),
(31, 4, 233, 'Lebong', '2021-05-01 07:42:28', '2021-05-01 07:42:28'),
(32, 4, 294, 'Muko Muko', '2021-05-01 07:42:28', '2021-05-01 07:42:28'),
(33, 4, 379, 'Rejang Lebong', '2021-05-01 07:42:28', '2021-05-01 07:42:28'),
(34, 4, 397, 'Seluma', '2021-05-01 07:42:28', '2021-05-01 07:42:28'),
(35, 5, 39, 'Bantul', '2021-05-01 07:42:29', '2021-05-01 07:42:29'),
(36, 5, 135, 'Gunung Kidul', '2021-05-01 07:42:29', '2021-05-01 07:42:29'),
(37, 5, 210, 'Kulon Progo', '2021-05-01 07:42:29', '2021-05-01 07:42:29'),
(38, 5, 419, 'Sleman', '2021-05-01 07:42:29', '2021-05-01 07:42:29'),
(39, 5, 501, 'Yogyakarta', '2021-05-01 07:42:29', '2021-05-01 07:42:29'),
(40, 6, 151, 'Jakarta Barat', '2021-05-01 07:42:31', '2021-05-01 07:42:31'),
(41, 6, 152, 'Jakarta Pusat', '2021-05-01 07:42:31', '2021-05-01 07:42:31'),
(42, 6, 153, 'Jakarta Selatan', '2021-05-01 07:42:31', '2021-05-01 07:42:31'),
(43, 6, 154, 'Jakarta Timur', '2021-05-01 07:42:31', '2021-05-01 07:42:31'),
(44, 6, 155, 'Jakarta Utara', '2021-05-01 07:42:31', '2021-05-01 07:42:31'),
(45, 6, 189, 'Kepulauan Seribu', '2021-05-01 07:42:31', '2021-05-01 07:42:31'),
(46, 7, 77, 'Boalemo', '2021-05-01 07:42:32', '2021-05-01 07:42:32'),
(47, 7, 88, 'Bone Bolango', '2021-05-01 07:42:32', '2021-05-01 07:42:32'),
(48, 7, 129, 'Gorontalo', '2021-05-01 07:42:32', '2021-05-01 07:42:32'),
(49, 7, 130, 'Gorontalo', '2021-05-01 07:42:32', '2021-05-01 07:42:32'),
(50, 7, 131, 'Gorontalo Utara', '2021-05-01 07:42:32', '2021-05-01 07:42:32'),
(51, 7, 361, 'Pohuwato', '2021-05-01 07:42:32', '2021-05-01 07:42:32'),
(52, 8, 50, 'Batang Hari', '2021-05-01 07:42:33', '2021-05-01 07:42:33'),
(53, 8, 97, 'Bungo', '2021-05-01 07:42:33', '2021-05-01 07:42:33'),
(54, 8, 156, 'Jambi', '2021-05-01 07:42:33', '2021-05-01 07:42:33'),
(55, 8, 194, 'Kerinci', '2021-05-01 07:42:33', '2021-05-01 07:42:33'),
(56, 8, 280, 'Merangin', '2021-05-01 07:42:33', '2021-05-01 07:42:33'),
(57, 8, 293, 'Muaro Jambi', '2021-05-01 07:42:33', '2021-05-01 07:42:33'),
(58, 8, 393, 'Sarolangun', '2021-05-01 07:42:33', '2021-05-01 07:42:33'),
(59, 8, 442, 'Sungaipenuh', '2021-05-01 07:42:33', '2021-05-01 07:42:33'),
(60, 8, 460, 'Tanjung Jabung Barat', '2021-05-01 07:42:33', '2021-05-01 07:42:33'),
(61, 8, 461, 'Tanjung Jabung Timur', '2021-05-01 07:42:33', '2021-05-01 07:42:33'),
(62, 8, 471, 'Tebo', '2021-05-01 07:42:33', '2021-05-01 07:42:33'),
(63, 9, 22, 'Bandung', '2021-05-01 07:42:35', '2021-05-01 07:42:35'),
(64, 9, 23, 'Bandung', '2021-05-01 07:42:35', '2021-05-01 07:42:35'),
(65, 9, 24, 'Bandung Barat', '2021-05-01 07:42:35', '2021-05-01 07:42:35'),
(66, 9, 34, 'Banjar', '2021-05-01 07:42:35', '2021-05-01 07:42:35'),
(67, 9, 54, 'Bekasi', '2021-05-01 07:42:35', '2021-05-01 07:42:35'),
(68, 9, 55, 'Bekasi', '2021-05-01 07:42:35', '2021-05-01 07:42:35'),
(69, 9, 78, 'Bogor', '2021-05-01 07:42:35', '2021-05-01 07:42:35'),
(70, 9, 79, 'Bogor', '2021-05-01 07:42:35', '2021-05-01 07:42:35'),
(71, 9, 103, 'Ciamis', '2021-05-01 07:42:35', '2021-05-01 07:42:35'),
(72, 9, 104, 'Cianjur', '2021-05-01 07:42:35', '2021-05-01 07:42:35'),
(73, 9, 107, 'Cimahi', '2021-05-01 07:42:35', '2021-05-01 07:42:35'),
(74, 9, 108, 'Cirebon', '2021-05-01 07:42:35', '2021-05-01 07:42:35'),
(75, 9, 109, 'Cirebon', '2021-05-01 07:42:35', '2021-05-01 07:42:35'),
(76, 9, 115, 'Depok', '2021-05-01 07:42:35', '2021-05-01 07:42:35'),
(77, 9, 126, 'Garut', '2021-05-01 07:42:35', '2021-05-01 07:42:35'),
(78, 9, 149, 'Indramayu', '2021-05-01 07:42:35', '2021-05-01 07:42:35'),
(79, 9, 171, 'Karawang', '2021-05-01 07:42:35', '2021-05-01 07:42:35'),
(80, 9, 211, 'Kuningan', '2021-05-01 07:42:35', '2021-05-01 07:42:35'),
(81, 9, 252, 'Majalengka', '2021-05-01 07:42:35', '2021-05-01 07:42:35'),
(82, 9, 332, 'Pangandaran', '2021-05-01 07:42:35', '2021-05-01 07:42:35'),
(83, 9, 376, 'Purwakarta', '2021-05-01 07:42:35', '2021-05-01 07:42:35'),
(84, 9, 428, 'Subang', '2021-05-01 07:42:35', '2021-05-01 07:42:35'),
(85, 9, 430, 'Sukabumi', '2021-05-01 07:42:35', '2021-05-01 07:42:35'),
(86, 9, 431, 'Sukabumi', '2021-05-01 07:42:35', '2021-05-01 07:42:35'),
(87, 9, 440, 'Sumedang', '2021-05-01 07:42:35', '2021-05-01 07:42:35'),
(88, 9, 468, 'Tasikmalaya', '2021-05-01 07:42:35', '2021-05-01 07:42:35'),
(89, 9, 469, 'Tasikmalaya', '2021-05-01 07:42:35', '2021-05-01 07:42:35'),
(90, 10, 37, 'Banjarnegara', '2021-05-01 07:42:36', '2021-05-01 07:42:36'),
(91, 10, 41, 'Banyumas', '2021-05-01 07:42:36', '2021-05-01 07:42:36'),
(92, 10, 49, 'Batang', '2021-05-01 07:42:36', '2021-05-01 07:42:36'),
(93, 10, 76, 'Blora', '2021-05-01 07:42:36', '2021-05-01 07:42:36'),
(94, 10, 91, 'Boyolali', '2021-05-01 07:42:36', '2021-05-01 07:42:36'),
(95, 10, 92, 'Brebes', '2021-05-01 07:42:36', '2021-05-01 07:42:36'),
(96, 10, 105, 'Cilacap', '2021-05-01 07:42:36', '2021-05-01 07:42:36'),
(97, 10, 113, 'Demak', '2021-05-01 07:42:36', '2021-05-01 07:42:36'),
(98, 10, 134, 'Grobogan', '2021-05-01 07:42:36', '2021-05-01 07:42:36'),
(99, 10, 163, 'Jepara', '2021-05-01 07:42:36', '2021-05-01 07:42:36'),
(100, 10, 169, 'Karanganyar', '2021-05-01 07:42:36', '2021-05-01 07:42:36'),
(101, 10, 177, 'Kebumen', '2021-05-01 07:42:36', '2021-05-01 07:42:36'),
(102, 10, 181, 'Kendal', '2021-05-01 07:42:36', '2021-05-01 07:42:36'),
(103, 10, 196, 'Klaten', '2021-05-01 07:42:36', '2021-05-01 07:42:36'),
(104, 10, 209, 'Kudus', '2021-05-01 07:42:36', '2021-05-01 07:42:36'),
(105, 10, 249, 'Magelang', '2021-05-01 07:42:36', '2021-05-01 07:42:36'),
(106, 10, 250, 'Magelang', '2021-05-01 07:42:36', '2021-05-01 07:42:36'),
(107, 10, 344, 'Pati', '2021-05-01 07:42:36', '2021-05-01 07:42:36'),
(108, 10, 348, 'Pekalongan', '2021-05-01 07:42:36', '2021-05-01 07:42:36'),
(109, 10, 349, 'Pekalongan', '2021-05-01 07:42:36', '2021-05-01 07:42:36'),
(110, 10, 352, 'Pemalang', '2021-05-01 07:42:36', '2021-05-01 07:42:36'),
(111, 10, 375, 'Purbalingga', '2021-05-01 07:42:36', '2021-05-01 07:42:36'),
(112, 10, 377, 'Purworejo', '2021-05-01 07:42:36', '2021-05-01 07:42:36'),
(113, 10, 380, 'Rembang', '2021-05-01 07:42:36', '2021-05-01 07:42:36'),
(114, 10, 386, 'Salatiga', '2021-05-01 07:42:36', '2021-05-01 07:42:36'),
(115, 10, 398, 'Semarang', '2021-05-01 07:42:36', '2021-05-01 07:42:36'),
(116, 10, 399, 'Semarang', '2021-05-01 07:42:36', '2021-05-01 07:42:36'),
(117, 10, 427, 'Sragen', '2021-05-01 07:42:36', '2021-05-01 07:42:36'),
(118, 10, 433, 'Sukoharjo', '2021-05-01 07:42:36', '2021-05-01 07:42:36'),
(119, 10, 445, 'Surakarta (Solo)', '2021-05-01 07:42:36', '2021-05-01 07:42:36'),
(120, 10, 472, 'Tegal', '2021-05-01 07:42:36', '2021-05-01 07:42:36'),
(121, 10, 473, 'Tegal', '2021-05-01 07:42:36', '2021-05-01 07:42:36'),
(122, 10, 476, 'Temanggung', '2021-05-01 07:42:36', '2021-05-01 07:42:36'),
(123, 10, 497, 'Wonogiri', '2021-05-01 07:42:36', '2021-05-01 07:42:36'),
(124, 10, 498, 'Wonosobo', '2021-05-01 07:42:36', '2021-05-01 07:42:36'),
(125, 11, 31, 'Bangkalan', '2021-05-01 07:42:37', '2021-05-01 07:42:37'),
(126, 11, 42, 'Banyuwangi', '2021-05-01 07:42:37', '2021-05-01 07:42:37'),
(127, 11, 51, 'Batu', '2021-05-01 07:42:37', '2021-05-01 07:42:37'),
(128, 11, 74, 'Blitar', '2021-05-01 07:42:37', '2021-05-01 07:42:37'),
(129, 11, 75, 'Blitar', '2021-05-01 07:42:37', '2021-05-01 07:42:37'),
(130, 11, 80, 'Bojonegoro', '2021-05-01 07:42:37', '2021-05-01 07:42:37'),
(131, 11, 86, 'Bondowoso', '2021-05-01 07:42:37', '2021-05-01 07:42:37'),
(132, 11, 133, 'Gresik', '2021-05-01 07:42:37', '2021-05-01 07:42:37'),
(133, 11, 160, 'Jember', '2021-05-01 07:42:37', '2021-05-01 07:42:37'),
(134, 11, 164, 'Jombang', '2021-05-01 07:42:37', '2021-05-01 07:42:37'),
(135, 11, 178, 'Kediri', '2021-05-01 07:42:37', '2021-05-01 07:42:37'),
(136, 11, 179, 'Kediri', '2021-05-01 07:42:37', '2021-05-01 07:42:37'),
(137, 11, 222, 'Lamongan', '2021-05-01 07:42:37', '2021-05-01 07:42:37'),
(138, 11, 243, 'Lumajang', '2021-05-01 07:42:37', '2021-05-01 07:42:37'),
(139, 11, 247, 'Madiun', '2021-05-01 07:42:37', '2021-05-01 07:42:37'),
(140, 11, 248, 'Madiun', '2021-05-01 07:42:37', '2021-05-01 07:42:37'),
(141, 11, 251, 'Magetan', '2021-05-01 07:42:37', '2021-05-01 07:42:37'),
(142, 11, 255, 'Malang', '2021-05-01 07:42:37', '2021-05-01 07:42:37'),
(143, 11, 256, 'Malang', '2021-05-01 07:42:37', '2021-05-01 07:42:37'),
(144, 11, 289, 'Mojokerto', '2021-05-01 07:42:37', '2021-05-01 07:42:37'),
(145, 11, 290, 'Mojokerto', '2021-05-01 07:42:37', '2021-05-01 07:42:37'),
(146, 11, 305, 'Nganjuk', '2021-05-01 07:42:37', '2021-05-01 07:42:37'),
(147, 11, 306, 'Ngawi', '2021-05-01 07:42:37', '2021-05-01 07:42:37'),
(148, 11, 317, 'Pacitan', '2021-05-01 07:42:37', '2021-05-01 07:42:37'),
(149, 11, 330, 'Pamekasan', '2021-05-01 07:42:37', '2021-05-01 07:42:37'),
(150, 11, 342, 'Pasuruan', '2021-05-01 07:42:37', '2021-05-01 07:42:37'),
(151, 11, 343, 'Pasuruan', '2021-05-01 07:42:37', '2021-05-01 07:42:37'),
(152, 11, 363, 'Ponorogo', '2021-05-01 07:42:37', '2021-05-01 07:42:37'),
(153, 11, 369, 'Probolinggo', '2021-05-01 07:42:37', '2021-05-01 07:42:37'),
(154, 11, 370, 'Probolinggo', '2021-05-01 07:42:37', '2021-05-01 07:42:37'),
(155, 11, 390, 'Sampang', '2021-05-01 07:42:37', '2021-05-01 07:42:37'),
(156, 11, 409, 'Sidoarjo', '2021-05-01 07:42:37', '2021-05-01 07:42:37'),
(157, 11, 418, 'Situbondo', '2021-05-01 07:42:37', '2021-05-01 07:42:37'),
(158, 11, 441, 'Sumenep', '2021-05-01 07:42:37', '2021-05-01 07:42:37'),
(159, 11, 444, 'Surabaya', '2021-05-01 07:42:37', '2021-05-01 07:42:37'),
(160, 11, 487, 'Trenggalek', '2021-05-01 07:42:37', '2021-05-01 07:42:37'),
(161, 11, 489, 'Tuban', '2021-05-01 07:42:37', '2021-05-01 07:42:37'),
(162, 11, 492, 'Tulungagung', '2021-05-01 07:42:37', '2021-05-01 07:42:37'),
(163, 12, 61, 'Bengkayang', '2021-05-01 07:42:39', '2021-05-01 07:42:39'),
(164, 12, 168, 'Kapuas Hulu', '2021-05-01 07:42:39', '2021-05-01 07:42:39'),
(165, 12, 176, 'Kayong Utara', '2021-05-01 07:42:39', '2021-05-01 07:42:39'),
(166, 12, 195, 'Ketapang', '2021-05-01 07:42:39', '2021-05-01 07:42:39'),
(167, 12, 208, 'Kubu Raya', '2021-05-01 07:42:39', '2021-05-01 07:42:39'),
(168, 12, 228, 'Landak', '2021-05-01 07:42:39', '2021-05-01 07:42:39'),
(169, 12, 279, 'Melawi', '2021-05-01 07:42:39', '2021-05-01 07:42:39'),
(170, 12, 364, 'Pontianak', '2021-05-01 07:42:39', '2021-05-01 07:42:39'),
(171, 12, 365, 'Pontianak', '2021-05-01 07:42:39', '2021-05-01 07:42:39'),
(172, 12, 388, 'Sambas', '2021-05-01 07:42:39', '2021-05-01 07:42:39'),
(173, 12, 391, 'Sanggau', '2021-05-01 07:42:39', '2021-05-01 07:42:39'),
(174, 12, 395, 'Sekadau', '2021-05-01 07:42:39', '2021-05-01 07:42:39'),
(175, 12, 415, 'Singkawang', '2021-05-01 07:42:39', '2021-05-01 07:42:39'),
(176, 12, 417, 'Sintang', '2021-05-01 07:42:39', '2021-05-01 07:42:39'),
(177, 13, 18, 'Balangan', '2021-05-01 07:42:40', '2021-05-01 07:42:40'),
(178, 13, 33, 'Banjar', '2021-05-01 07:42:40', '2021-05-01 07:42:40'),
(179, 13, 35, 'Banjarbaru', '2021-05-01 07:42:40', '2021-05-01 07:42:40'),
(180, 13, 36, 'Banjarmasin', '2021-05-01 07:42:40', '2021-05-01 07:42:40'),
(181, 13, 43, 'Barito Kuala', '2021-05-01 07:42:40', '2021-05-01 07:42:40'),
(182, 13, 143, 'Hulu Sungai Selatan', '2021-05-01 07:42:40', '2021-05-01 07:42:40'),
(183, 13, 144, 'Hulu Sungai Tengah', '2021-05-01 07:42:40', '2021-05-01 07:42:40'),
(184, 13, 145, 'Hulu Sungai Utara', '2021-05-01 07:42:40', '2021-05-01 07:42:40'),
(185, 13, 203, 'Kotabaru', '2021-05-01 07:42:40', '2021-05-01 07:42:40'),
(186, 13, 446, 'Tabalong', '2021-05-01 07:42:40', '2021-05-01 07:42:40'),
(187, 13, 452, 'Tanah Bumbu', '2021-05-01 07:42:40', '2021-05-01 07:42:40'),
(188, 13, 454, 'Tanah Laut', '2021-05-01 07:42:40', '2021-05-01 07:42:40'),
(189, 13, 466, 'Tapin', '2021-05-01 07:42:40', '2021-05-01 07:42:40'),
(190, 14, 44, 'Barito Selatan', '2021-05-01 07:42:41', '2021-05-01 07:42:41'),
(191, 14, 45, 'Barito Timur', '2021-05-01 07:42:41', '2021-05-01 07:42:41'),
(192, 14, 46, 'Barito Utara', '2021-05-01 07:42:41', '2021-05-01 07:42:41'),
(193, 14, 136, 'Gunung Mas', '2021-05-01 07:42:41', '2021-05-01 07:42:41'),
(194, 14, 167, 'Kapuas', '2021-05-01 07:42:41', '2021-05-01 07:42:41'),
(195, 14, 174, 'Katingan', '2021-05-01 07:42:41', '2021-05-01 07:42:41'),
(196, 14, 205, 'Kotawaringin Barat', '2021-05-01 07:42:41', '2021-05-01 07:42:41'),
(197, 14, 206, 'Kotawaringin Timur', '2021-05-01 07:42:41', '2021-05-01 07:42:41'),
(198, 14, 221, 'Lamandau', '2021-05-01 07:42:41', '2021-05-01 07:42:41'),
(199, 14, 296, 'Murung Raya', '2021-05-01 07:42:41', '2021-05-01 07:42:41'),
(200, 14, 326, 'Palangka Raya', '2021-05-01 07:42:41', '2021-05-01 07:42:41'),
(201, 14, 371, 'Pulang Pisau', '2021-05-01 07:42:41', '2021-05-01 07:42:41'),
(202, 14, 405, 'Seruyan', '2021-05-01 07:42:41', '2021-05-01 07:42:41'),
(203, 14, 432, 'Sukamara', '2021-05-01 07:42:41', '2021-05-01 07:42:41'),
(204, 15, 19, 'Balikpapan', '2021-05-01 07:42:42', '2021-05-01 07:42:42'),
(205, 15, 66, 'Berau', '2021-05-01 07:42:42', '2021-05-01 07:42:42'),
(206, 15, 89, 'Bontang', '2021-05-01 07:42:42', '2021-05-01 07:42:42'),
(207, 15, 214, 'Kutai Barat', '2021-05-01 07:42:42', '2021-05-01 07:42:42'),
(208, 15, 215, 'Kutai Kartanegara', '2021-05-01 07:42:42', '2021-05-01 07:42:42'),
(209, 15, 216, 'Kutai Timur', '2021-05-01 07:42:42', '2021-05-01 07:42:42'),
(210, 15, 341, 'Paser', '2021-05-01 07:42:42', '2021-05-01 07:42:42'),
(211, 15, 354, 'Penajam Paser Utara', '2021-05-01 07:42:42', '2021-05-01 07:42:42'),
(212, 15, 387, 'Samarinda', '2021-05-01 07:42:42', '2021-05-01 07:42:42'),
(213, 16, 96, 'Bulungan (Bulongan)', '2021-05-01 07:42:44', '2021-05-01 07:42:44'),
(214, 16, 257, 'Malinau', '2021-05-01 07:42:44', '2021-05-01 07:42:44'),
(215, 16, 311, 'Nunukan', '2021-05-01 07:42:44', '2021-05-01 07:42:44'),
(216, 16, 450, 'Tana Tidung', '2021-05-01 07:42:44', '2021-05-01 07:42:44'),
(217, 16, 467, 'Tarakan', '2021-05-01 07:42:44', '2021-05-01 07:42:44'),
(218, 17, 48, 'Batam', '2021-05-01 07:42:45', '2021-05-01 07:42:45'),
(219, 17, 71, 'Bintan', '2021-05-01 07:42:45', '2021-05-01 07:42:45'),
(220, 17, 172, 'Karimun', '2021-05-01 07:42:45', '2021-05-01 07:42:45'),
(221, 17, 184, 'Kepulauan Anambas', '2021-05-01 07:42:45', '2021-05-01 07:42:45'),
(222, 17, 237, 'Lingga', '2021-05-01 07:42:45', '2021-05-01 07:42:45'),
(223, 17, 302, 'Natuna', '2021-05-01 07:42:45', '2021-05-01 07:42:45'),
(224, 17, 462, 'Tanjung Pinang', '2021-05-01 07:42:45', '2021-05-01 07:42:45'),
(225, 18, 21, 'Bandar Lampung', '2021-05-01 07:42:46', '2021-05-01 07:42:46'),
(226, 18, 223, 'Lampung Barat', '2021-05-01 07:42:46', '2021-05-01 07:42:46'),
(227, 18, 224, 'Lampung Selatan', '2021-05-01 07:42:46', '2021-05-01 07:42:46'),
(228, 18, 225, 'Lampung Tengah', '2021-05-01 07:42:46', '2021-05-01 07:42:46'),
(229, 18, 226, 'Lampung Timur', '2021-05-01 07:42:46', '2021-05-01 07:42:46'),
(230, 18, 227, 'Lampung Utara', '2021-05-01 07:42:46', '2021-05-01 07:42:46'),
(231, 18, 282, 'Mesuji', '2021-05-01 07:42:46', '2021-05-01 07:42:46'),
(232, 18, 283, 'Metro', '2021-05-01 07:42:46', '2021-05-01 07:42:46'),
(233, 18, 355, 'Pesawaran', '2021-05-01 07:42:46', '2021-05-01 07:42:46'),
(234, 18, 356, 'Pesisir Barat', '2021-05-01 07:42:46', '2021-05-01 07:42:46'),
(235, 18, 368, 'Pringsewu', '2021-05-01 07:42:46', '2021-05-01 07:42:46'),
(236, 18, 458, 'Tanggamus', '2021-05-01 07:42:46', '2021-05-01 07:42:46'),
(237, 18, 490, 'Tulang Bawang', '2021-05-01 07:42:46', '2021-05-01 07:42:46'),
(238, 18, 491, 'Tulang Bawang Barat', '2021-05-01 07:42:46', '2021-05-01 07:42:46'),
(239, 18, 496, 'Way Kanan', '2021-05-01 07:42:46', '2021-05-01 07:42:46'),
(240, 19, 14, 'Ambon', '2021-05-01 07:42:47', '2021-05-01 07:42:47'),
(241, 19, 99, 'Buru', '2021-05-01 07:42:47', '2021-05-01 07:42:47'),
(242, 19, 100, 'Buru Selatan', '2021-05-01 07:42:47', '2021-05-01 07:42:47'),
(243, 19, 185, 'Kepulauan Aru', '2021-05-01 07:42:47', '2021-05-01 07:42:47'),
(244, 19, 258, 'Maluku Barat Daya', '2021-05-01 07:42:47', '2021-05-01 07:42:47'),
(245, 19, 259, 'Maluku Tengah', '2021-05-01 07:42:47', '2021-05-01 07:42:47'),
(246, 19, 260, 'Maluku Tenggara', '2021-05-01 07:42:47', '2021-05-01 07:42:47'),
(247, 19, 261, 'Maluku Tenggara Barat', '2021-05-01 07:42:47', '2021-05-01 07:42:47'),
(248, 19, 400, 'Seram Bagian Barat', '2021-05-01 07:42:47', '2021-05-01 07:42:47'),
(249, 19, 401, 'Seram Bagian Timur', '2021-05-01 07:42:47', '2021-05-01 07:42:47'),
(250, 19, 488, 'Tual', '2021-05-01 07:42:47', '2021-05-01 07:42:47'),
(251, 20, 138, 'Halmahera Barat', '2021-05-01 07:42:48', '2021-05-01 07:42:48'),
(252, 20, 139, 'Halmahera Selatan', '2021-05-01 07:42:48', '2021-05-01 07:42:48'),
(253, 20, 140, 'Halmahera Tengah', '2021-05-01 07:42:48', '2021-05-01 07:42:48'),
(254, 20, 141, 'Halmahera Timur', '2021-05-01 07:42:48', '2021-05-01 07:42:48'),
(255, 20, 142, 'Halmahera Utara', '2021-05-01 07:42:48', '2021-05-01 07:42:48'),
(256, 20, 191, 'Kepulauan Sula', '2021-05-01 07:42:48', '2021-05-01 07:42:48'),
(257, 20, 372, 'Pulau Morotai', '2021-05-01 07:42:48', '2021-05-01 07:42:48'),
(258, 20, 477, 'Ternate', '2021-05-01 07:42:48', '2021-05-01 07:42:48'),
(259, 20, 478, 'Tidore Kepulauan', '2021-05-01 07:42:48', '2021-05-01 07:42:48'),
(260, 21, 1, 'Aceh Barat', '2021-05-01 07:42:50', '2021-05-01 07:42:50'),
(261, 21, 2, 'Aceh Barat Daya', '2021-05-01 07:42:50', '2021-05-01 07:42:50'),
(262, 21, 3, 'Aceh Besar', '2021-05-01 07:42:50', '2021-05-01 07:42:50'),
(263, 21, 4, 'Aceh Jaya', '2021-05-01 07:42:50', '2021-05-01 07:42:50'),
(264, 21, 5, 'Aceh Selatan', '2021-05-01 07:42:50', '2021-05-01 07:42:50'),
(265, 21, 6, 'Aceh Singkil', '2021-05-01 07:42:50', '2021-05-01 07:42:50'),
(266, 21, 7, 'Aceh Tamiang', '2021-05-01 07:42:50', '2021-05-01 07:42:50'),
(267, 21, 8, 'Aceh Tengah', '2021-05-01 07:42:50', '2021-05-01 07:42:50'),
(268, 21, 9, 'Aceh Tenggara', '2021-05-01 07:42:50', '2021-05-01 07:42:50'),
(269, 21, 10, 'Aceh Timur', '2021-05-01 07:42:50', '2021-05-01 07:42:50'),
(270, 21, 11, 'Aceh Utara', '2021-05-01 07:42:50', '2021-05-01 07:42:50'),
(271, 21, 20, 'Banda Aceh', '2021-05-01 07:42:50', '2021-05-01 07:42:50'),
(272, 21, 59, 'Bener Meriah', '2021-05-01 07:42:50', '2021-05-01 07:42:50'),
(273, 21, 72, 'Bireuen', '2021-05-01 07:42:50', '2021-05-01 07:42:50'),
(274, 21, 127, 'Gayo Lues', '2021-05-01 07:42:50', '2021-05-01 07:42:50'),
(275, 21, 230, 'Langsa', '2021-05-01 07:42:50', '2021-05-01 07:42:50'),
(276, 21, 235, 'Lhokseumawe', '2021-05-01 07:42:50', '2021-05-01 07:42:50'),
(277, 21, 300, 'Nagan Raya', '2021-05-01 07:42:50', '2021-05-01 07:42:50'),
(278, 21, 358, 'Pidie', '2021-05-01 07:42:50', '2021-05-01 07:42:50'),
(279, 21, 359, 'Pidie Jaya', '2021-05-01 07:42:50', '2021-05-01 07:42:50'),
(280, 21, 384, 'Sabang', '2021-05-01 07:42:50', '2021-05-01 07:42:50'),
(281, 21, 414, 'Simeulue', '2021-05-01 07:42:50', '2021-05-01 07:42:50'),
(282, 21, 429, 'Subulussalam', '2021-05-01 07:42:50', '2021-05-01 07:42:50'),
(283, 22, 68, 'Bima', '2021-05-01 07:42:51', '2021-05-01 07:42:51'),
(284, 22, 69, 'Bima', '2021-05-01 07:42:51', '2021-05-01 07:42:51'),
(285, 22, 118, 'Dompu', '2021-05-01 07:42:51', '2021-05-01 07:42:51'),
(286, 22, 238, 'Lombok Barat', '2021-05-01 07:42:51', '2021-05-01 07:42:51'),
(287, 22, 239, 'Lombok Tengah', '2021-05-01 07:42:51', '2021-05-01 07:42:51'),
(288, 22, 240, 'Lombok Timur', '2021-05-01 07:42:51', '2021-05-01 07:42:51'),
(289, 22, 241, 'Lombok Utara', '2021-05-01 07:42:51', '2021-05-01 07:42:51'),
(290, 22, 276, 'Mataram', '2021-05-01 07:42:51', '2021-05-01 07:42:51'),
(291, 22, 438, 'Sumbawa', '2021-05-01 07:42:51', '2021-05-01 07:42:51'),
(292, 22, 439, 'Sumbawa Barat', '2021-05-01 07:42:51', '2021-05-01 07:42:51'),
(293, 23, 13, 'Alor', '2021-05-01 07:42:53', '2021-05-01 07:42:53'),
(294, 23, 58, 'Belu', '2021-05-01 07:42:53', '2021-05-01 07:42:53'),
(295, 23, 122, 'Ende', '2021-05-01 07:42:53', '2021-05-01 07:42:53'),
(296, 23, 125, 'Flores Timur', '2021-05-01 07:42:53', '2021-05-01 07:42:53'),
(297, 23, 212, 'Kupang', '2021-05-01 07:42:53', '2021-05-01 07:42:53'),
(298, 23, 213, 'Kupang', '2021-05-01 07:42:53', '2021-05-01 07:42:53'),
(299, 23, 234, 'Lembata', '2021-05-01 07:42:53', '2021-05-01 07:42:53'),
(300, 23, 269, 'Manggarai', '2021-05-01 07:42:53', '2021-05-01 07:42:53'),
(301, 23, 270, 'Manggarai Barat', '2021-05-01 07:42:53', '2021-05-01 07:42:53'),
(302, 23, 271, 'Manggarai Timur', '2021-05-01 07:42:53', '2021-05-01 07:42:53'),
(303, 23, 301, 'Nagekeo', '2021-05-01 07:42:53', '2021-05-01 07:42:53'),
(304, 23, 304, 'Ngada', '2021-05-01 07:42:53', '2021-05-01 07:42:53'),
(305, 23, 383, 'Rote Ndao', '2021-05-01 07:42:53', '2021-05-01 07:42:53'),
(306, 23, 385, 'Sabu Raijua', '2021-05-01 07:42:53', '2021-05-01 07:42:53'),
(307, 23, 412, 'Sikka', '2021-05-01 07:42:53', '2021-05-01 07:42:53'),
(308, 23, 434, 'Sumba Barat', '2021-05-01 07:42:53', '2021-05-01 07:42:53'),
(309, 23, 435, 'Sumba Barat Daya', '2021-05-01 07:42:53', '2021-05-01 07:42:53'),
(310, 23, 436, 'Sumba Tengah', '2021-05-01 07:42:53', '2021-05-01 07:42:53'),
(311, 23, 437, 'Sumba Timur', '2021-05-01 07:42:53', '2021-05-01 07:42:53'),
(312, 23, 479, 'Timor Tengah Selatan', '2021-05-01 07:42:53', '2021-05-01 07:42:53'),
(313, 23, 480, 'Timor Tengah Utara', '2021-05-01 07:42:53', '2021-05-01 07:42:53'),
(314, 24, 16, 'Asmat', '2021-05-01 07:42:54', '2021-05-01 07:42:54'),
(315, 24, 67, 'Biak Numfor', '2021-05-01 07:42:54', '2021-05-01 07:42:54'),
(316, 24, 90, 'Boven Digoel', '2021-05-01 07:42:54', '2021-05-01 07:42:54'),
(317, 24, 111, 'Deiyai (Deliyai)', '2021-05-01 07:42:54', '2021-05-01 07:42:54'),
(318, 24, 117, 'Dogiyai', '2021-05-01 07:42:54', '2021-05-01 07:42:54'),
(319, 24, 150, 'Intan Jaya', '2021-05-01 07:42:54', '2021-05-01 07:42:54'),
(320, 24, 157, 'Jayapura', '2021-05-01 07:42:54', '2021-05-01 07:42:54'),
(321, 24, 158, 'Jayapura', '2021-05-01 07:42:54', '2021-05-01 07:42:54'),
(322, 24, 159, 'Jayawijaya', '2021-05-01 07:42:54', '2021-05-01 07:42:54'),
(323, 24, 180, 'Keerom', '2021-05-01 07:42:54', '2021-05-01 07:42:54'),
(324, 24, 193, 'Kepulauan Yapen (Yapen Waropen)', '2021-05-01 07:42:54', '2021-05-01 07:42:54'),
(325, 24, 231, 'Lanny Jaya', '2021-05-01 07:42:54', '2021-05-01 07:42:54'),
(326, 24, 263, 'Mamberamo Raya', '2021-05-01 07:42:54', '2021-05-01 07:42:54'),
(327, 24, 264, 'Mamberamo Tengah', '2021-05-01 07:42:54', '2021-05-01 07:42:54'),
(328, 24, 274, 'Mappi', '2021-05-01 07:42:54', '2021-05-01 07:42:54'),
(329, 24, 281, 'Merauke', '2021-05-01 07:42:54', '2021-05-01 07:42:54'),
(330, 24, 284, 'Mimika', '2021-05-01 07:42:54', '2021-05-01 07:42:54'),
(331, 24, 299, 'Nabire', '2021-05-01 07:42:54', '2021-05-01 07:42:54'),
(332, 24, 303, 'Nduga', '2021-05-01 07:42:54', '2021-05-01 07:42:54'),
(333, 24, 335, 'Paniai', '2021-05-01 07:42:54', '2021-05-01 07:42:54'),
(334, 24, 347, 'Pegunungan Bintang', '2021-05-01 07:42:54', '2021-05-01 07:42:54'),
(335, 24, 373, 'Puncak', '2021-05-01 07:42:54', '2021-05-01 07:42:54'),
(336, 24, 374, 'Puncak Jaya', '2021-05-01 07:42:54', '2021-05-01 07:42:54'),
(337, 24, 392, 'Sarmi', '2021-05-01 07:42:54', '2021-05-01 07:42:54'),
(338, 24, 443, 'Supiori', '2021-05-01 07:42:54', '2021-05-01 07:42:54'),
(339, 24, 484, 'Tolikara', '2021-05-01 07:42:54', '2021-05-01 07:42:54'),
(340, 24, 495, 'Waropen', '2021-05-01 07:42:54', '2021-05-01 07:42:54'),
(341, 24, 499, 'Yahukimo', '2021-05-01 07:42:54', '2021-05-01 07:42:54'),
(342, 24, 500, 'Yalimo', '2021-05-01 07:42:54', '2021-05-01 07:42:54'),
(343, 25, 124, 'Fakfak', '2021-05-01 07:42:55', '2021-05-01 07:42:55'),
(344, 25, 165, 'Kaimana', '2021-05-01 07:42:55', '2021-05-01 07:42:55'),
(345, 25, 272, 'Manokwari', '2021-05-01 07:42:55', '2021-05-01 07:42:55'),
(346, 25, 273, 'Manokwari Selatan', '2021-05-01 07:42:55', '2021-05-01 07:42:55'),
(347, 25, 277, 'Maybrat', '2021-05-01 07:42:55', '2021-05-01 07:42:55'),
(348, 25, 346, 'Pegunungan Arfak', '2021-05-01 07:42:55', '2021-05-01 07:42:55'),
(349, 25, 378, 'Raja Ampat', '2021-05-01 07:42:55', '2021-05-01 07:42:55'),
(350, 25, 424, 'Sorong', '2021-05-01 07:42:55', '2021-05-01 07:42:55'),
(351, 25, 425, 'Sorong', '2021-05-01 07:42:55', '2021-05-01 07:42:55'),
(352, 25, 426, 'Sorong Selatan', '2021-05-01 07:42:55', '2021-05-01 07:42:55'),
(353, 25, 449, 'Tambrauw', '2021-05-01 07:42:55', '2021-05-01 07:42:55'),
(354, 25, 474, 'Teluk Bintuni', '2021-05-01 07:42:55', '2021-05-01 07:42:55'),
(355, 25, 475, 'Teluk Wondama', '2021-05-01 07:42:55', '2021-05-01 07:42:55'),
(356, 26, 60, 'Bengkalis', '2021-05-01 07:42:56', '2021-05-01 07:42:56'),
(357, 26, 120, 'Dumai', '2021-05-01 07:42:56', '2021-05-01 07:42:56'),
(358, 26, 147, 'Indragiri Hilir', '2021-05-01 07:42:56', '2021-05-01 07:42:56'),
(359, 26, 148, 'Indragiri Hulu', '2021-05-01 07:42:56', '2021-05-01 07:42:56'),
(360, 26, 166, 'Kampar', '2021-05-01 07:42:56', '2021-05-01 07:42:56'),
(361, 26, 187, 'Kepulauan Meranti', '2021-05-01 07:42:56', '2021-05-01 07:42:56'),
(362, 26, 207, 'Kuantan Singingi', '2021-05-01 07:42:56', '2021-05-01 07:42:56'),
(363, 26, 350, 'Pekanbaru', '2021-05-01 07:42:56', '2021-05-01 07:42:56'),
(364, 26, 351, 'Pelalawan', '2021-05-01 07:42:56', '2021-05-01 07:42:56'),
(365, 26, 381, 'Rokan Hilir', '2021-05-01 07:42:56', '2021-05-01 07:42:56'),
(366, 26, 382, 'Rokan Hulu', '2021-05-01 07:42:56', '2021-05-01 07:42:56'),
(367, 26, 406, 'Siak', '2021-05-01 07:42:56', '2021-05-01 07:42:56'),
(368, 27, 253, 'Majene', '2021-05-01 07:42:57', '2021-05-01 07:42:57'),
(369, 27, 262, 'Mamasa', '2021-05-01 07:42:57', '2021-05-01 07:42:57'),
(370, 27, 265, 'Mamuju', '2021-05-01 07:42:57', '2021-05-01 07:42:57'),
(371, 27, 266, 'Mamuju Utara', '2021-05-01 07:42:57', '2021-05-01 07:42:57'),
(372, 27, 362, 'Polewali Mandar', '2021-05-01 07:42:57', '2021-05-01 07:42:57'),
(373, 28, 38, 'Bantaeng', '2021-05-01 07:42:58', '2021-05-01 07:42:58'),
(374, 28, 47, 'Barru', '2021-05-01 07:42:59', '2021-05-01 07:42:59'),
(375, 28, 87, 'Bone', '2021-05-01 07:42:59', '2021-05-01 07:42:59'),
(376, 28, 95, 'Bulukumba', '2021-05-01 07:42:59', '2021-05-01 07:42:59'),
(377, 28, 123, 'Enrekang', '2021-05-01 07:42:59', '2021-05-01 07:42:59'),
(378, 28, 132, 'Gowa', '2021-05-01 07:42:59', '2021-05-01 07:42:59'),
(379, 28, 162, 'Jeneponto', '2021-05-01 07:42:59', '2021-05-01 07:42:59'),
(380, 28, 244, 'Luwu', '2021-05-01 07:42:59', '2021-05-01 07:42:59'),
(381, 28, 245, 'Luwu Timur', '2021-05-01 07:42:59', '2021-05-01 07:42:59'),
(382, 28, 246, 'Luwu Utara', '2021-05-01 07:42:59', '2021-05-01 07:42:59'),
(383, 28, 254, 'Makassar', '2021-05-01 07:42:59', '2021-05-01 07:42:59'),
(384, 28, 275, 'Maros', '2021-05-01 07:42:59', '2021-05-01 07:42:59'),
(385, 28, 328, 'Palopo', '2021-05-01 07:42:59', '2021-05-01 07:42:59'),
(386, 28, 333, 'Pangkajene Kepulauan', '2021-05-01 07:42:59', '2021-05-01 07:42:59'),
(387, 28, 336, 'Parepare', '2021-05-01 07:42:59', '2021-05-01 07:42:59'),
(388, 28, 360, 'Pinrang', '2021-05-01 07:42:59', '2021-05-01 07:42:59'),
(389, 28, 396, 'Selayar (Kepulauan Selayar)', '2021-05-01 07:42:59', '2021-05-01 07:42:59'),
(390, 28, 408, 'Sidenreng Rappang/Rapang', '2021-05-01 07:42:59', '2021-05-01 07:42:59'),
(391, 28, 416, 'Sinjai', '2021-05-01 07:42:59', '2021-05-01 07:42:59'),
(392, 28, 423, 'Soppeng', '2021-05-01 07:42:59', '2021-05-01 07:42:59'),
(393, 28, 448, 'Takalar', '2021-05-01 07:42:59', '2021-05-01 07:42:59'),
(394, 28, 451, 'Tana Toraja', '2021-05-01 07:42:59', '2021-05-01 07:42:59'),
(395, 28, 486, 'Toraja Utara', '2021-05-01 07:42:59', '2021-05-01 07:42:59'),
(396, 28, 493, 'Wajo', '2021-05-01 07:42:59', '2021-05-01 07:42:59'),
(397, 29, 25, 'Banggai', '2021-05-01 07:43:00', '2021-05-01 07:43:00'),
(398, 29, 26, 'Banggai Kepulauan', '2021-05-01 07:43:00', '2021-05-01 07:43:00'),
(399, 29, 98, 'Buol', '2021-05-01 07:43:00', '2021-05-01 07:43:00'),
(400, 29, 119, 'Donggala', '2021-05-01 07:43:00', '2021-05-01 07:43:00'),
(401, 29, 291, 'Morowali', '2021-05-01 07:43:00', '2021-05-01 07:43:00'),
(402, 29, 329, 'Palu', '2021-05-01 07:43:00', '2021-05-01 07:43:00'),
(403, 29, 338, 'Parigi Moutong', '2021-05-01 07:43:00', '2021-05-01 07:43:00'),
(404, 29, 366, 'Poso', '2021-05-01 07:43:00', '2021-05-01 07:43:00'),
(405, 29, 410, 'Sigi', '2021-05-01 07:43:00', '2021-05-01 07:43:00'),
(406, 29, 482, 'Tojo Una-Una', '2021-05-01 07:43:00', '2021-05-01 07:43:00'),
(407, 29, 483, 'Toli-Toli', '2021-05-01 07:43:00', '2021-05-01 07:43:00'),
(408, 30, 53, 'Bau-Bau', '2021-05-01 07:43:01', '2021-05-01 07:43:01'),
(409, 30, 85, 'Bombana', '2021-05-01 07:43:01', '2021-05-01 07:43:01'),
(410, 30, 101, 'Buton', '2021-05-01 07:43:01', '2021-05-01 07:43:01'),
(411, 30, 102, 'Buton Utara', '2021-05-01 07:43:01', '2021-05-01 07:43:01'),
(412, 30, 182, 'Kendari', '2021-05-01 07:43:01', '2021-05-01 07:43:01'),
(413, 30, 198, 'Kolaka', '2021-05-01 07:43:01', '2021-05-01 07:43:01'),
(414, 30, 199, 'Kolaka Utara', '2021-05-01 07:43:01', '2021-05-01 07:43:01'),
(415, 30, 200, 'Konawe', '2021-05-01 07:43:01', '2021-05-01 07:43:01'),
(416, 30, 201, 'Konawe Selatan', '2021-05-01 07:43:01', '2021-05-01 07:43:01'),
(417, 30, 202, 'Konawe Utara', '2021-05-01 07:43:01', '2021-05-01 07:43:01'),
(418, 30, 295, 'Muna', '2021-05-01 07:43:01', '2021-05-01 07:43:01'),
(419, 30, 494, 'Wakatobi', '2021-05-01 07:43:01', '2021-05-01 07:43:01'),
(420, 31, 73, 'Bitung', '2021-05-01 07:43:02', '2021-05-01 07:43:02'),
(421, 31, 81, 'Bolaang Mongondow (Bolmong)', '2021-05-01 07:43:02', '2021-05-01 07:43:02'),
(422, 31, 82, 'Bolaang Mongondow Selatan', '2021-05-01 07:43:02', '2021-05-01 07:43:02'),
(423, 31, 83, 'Bolaang Mongondow Timur', '2021-05-01 07:43:02', '2021-05-01 07:43:02'),
(424, 31, 84, 'Bolaang Mongondow Utara', '2021-05-01 07:43:02', '2021-05-01 07:43:02'),
(425, 31, 188, 'Kepulauan Sangihe', '2021-05-01 07:43:02', '2021-05-01 07:43:02'),
(426, 31, 190, 'Kepulauan Siau Tagulandang Biaro (Sitaro)', '2021-05-01 07:43:02', '2021-05-01 07:43:02'),
(427, 31, 192, 'Kepulauan Talaud', '2021-05-01 07:43:02', '2021-05-01 07:43:02'),
(428, 31, 204, 'Kotamobagu', '2021-05-01 07:43:02', '2021-05-01 07:43:02'),
(429, 31, 267, 'Manado', '2021-05-01 07:43:02', '2021-05-01 07:43:02'),
(430, 31, 285, 'Minahasa', '2021-05-01 07:43:02', '2021-05-01 07:43:02'),
(431, 31, 286, 'Minahasa Selatan', '2021-05-01 07:43:02', '2021-05-01 07:43:02'),
(432, 31, 287, 'Minahasa Tenggara', '2021-05-01 07:43:02', '2021-05-01 07:43:02'),
(433, 31, 288, 'Minahasa Utara', '2021-05-01 07:43:02', '2021-05-01 07:43:02'),
(434, 31, 485, 'Tomohon', '2021-05-01 07:43:02', '2021-05-01 07:43:02'),
(435, 32, 12, 'Agam', '2021-05-01 07:43:03', '2021-05-01 07:43:03'),
(436, 32, 93, 'Bukittinggi', '2021-05-01 07:43:03', '2021-05-01 07:43:03'),
(437, 32, 116, 'Dharmasraya', '2021-05-01 07:43:03', '2021-05-01 07:43:03'),
(438, 32, 186, 'Kepulauan Mentawai', '2021-05-01 07:43:03', '2021-05-01 07:43:03'),
(439, 32, 236, 'Lima Puluh Koto/Kota', '2021-05-01 07:43:03', '2021-05-01 07:43:03'),
(440, 32, 318, 'Padang', '2021-05-01 07:43:03', '2021-05-01 07:43:03'),
(441, 32, 321, 'Padang Panjang', '2021-05-01 07:43:03', '2021-05-01 07:43:03'),
(442, 32, 322, 'Padang Pariaman', '2021-05-01 07:43:03', '2021-05-01 07:43:03'),
(443, 32, 337, 'Pariaman', '2021-05-01 07:43:03', '2021-05-01 07:43:03'),
(444, 32, 339, 'Pasaman', '2021-05-01 07:43:03', '2021-05-01 07:43:03'),
(445, 32, 340, 'Pasaman Barat', '2021-05-01 07:43:03', '2021-05-01 07:43:03'),
(446, 32, 345, 'Payakumbuh', '2021-05-01 07:43:03', '2021-05-01 07:43:03'),
(447, 32, 357, 'Pesisir Selatan', '2021-05-01 07:43:03', '2021-05-01 07:43:03'),
(448, 32, 394, 'Sawah Lunto', '2021-05-01 07:43:03', '2021-05-01 07:43:03'),
(449, 32, 411, 'Sijunjung (Sawah Lunto Sijunjung)', '2021-05-01 07:43:03', '2021-05-01 07:43:03'),
(450, 32, 420, 'Solok', '2021-05-01 07:43:03', '2021-05-01 07:43:03'),
(451, 32, 421, 'Solok', '2021-05-01 07:43:03', '2021-05-01 07:43:03'),
(452, 32, 422, 'Solok Selatan', '2021-05-01 07:43:03', '2021-05-01 07:43:03'),
(453, 32, 453, 'Tanah Datar', '2021-05-01 07:43:03', '2021-05-01 07:43:03'),
(454, 33, 40, 'Banyuasin', '2021-05-01 07:43:04', '2021-05-01 07:43:04'),
(455, 33, 121, 'Empat Lawang', '2021-05-01 07:43:04', '2021-05-01 07:43:04'),
(456, 33, 220, 'Lahat', '2021-05-01 07:43:04', '2021-05-01 07:43:04'),
(457, 33, 242, 'Lubuk Linggau', '2021-05-01 07:43:04', '2021-05-01 07:43:04'),
(458, 33, 292, 'Muara Enim', '2021-05-01 07:43:04', '2021-05-01 07:43:04'),
(459, 33, 297, 'Musi Banyuasin', '2021-05-01 07:43:04', '2021-05-01 07:43:04'),
(460, 33, 298, 'Musi Rawas', '2021-05-01 07:43:04', '2021-05-01 07:43:04'),
(461, 33, 312, 'Ogan Ilir', '2021-05-01 07:43:04', '2021-05-01 07:43:04'),
(462, 33, 313, 'Ogan Komering Ilir', '2021-05-01 07:43:04', '2021-05-01 07:43:04'),
(463, 33, 314, 'Ogan Komering Ulu', '2021-05-01 07:43:04', '2021-05-01 07:43:04'),
(464, 33, 315, 'Ogan Komering Ulu Selatan', '2021-05-01 07:43:04', '2021-05-01 07:43:04'),
(465, 33, 316, 'Ogan Komering Ulu Timur', '2021-05-01 07:43:04', '2021-05-01 07:43:04'),
(466, 33, 324, 'Pagar Alam', '2021-05-01 07:43:04', '2021-05-01 07:43:04'),
(467, 33, 327, 'Palembang', '2021-05-01 07:43:04', '2021-05-01 07:43:04'),
(468, 33, 367, 'Prabumulih', '2021-05-01 07:43:04', '2021-05-01 07:43:04'),
(469, 34, 15, 'Asahan', '2021-05-01 07:43:06', '2021-05-01 07:43:06'),
(470, 34, 52, 'Batu Bara', '2021-05-01 07:43:06', '2021-05-01 07:43:06'),
(471, 34, 70, 'Binjai', '2021-05-01 07:43:06', '2021-05-01 07:43:06'),
(472, 34, 110, 'Dairi', '2021-05-01 07:43:06', '2021-05-01 07:43:06'),
(473, 34, 112, 'Deli Serdang', '2021-05-01 07:43:06', '2021-05-01 07:43:06'),
(474, 34, 137, 'Gunungsitoli', '2021-05-01 07:43:06', '2021-05-01 07:43:06'),
(475, 34, 146, 'Humbang Hasundutan', '2021-05-01 07:43:06', '2021-05-01 07:43:06'),
(476, 34, 173, 'Karo', '2021-05-01 07:43:06', '2021-05-01 07:43:06'),
(477, 34, 217, 'Labuhan Batu', '2021-05-01 07:43:06', '2021-05-01 07:43:06'),
(478, 34, 218, 'Labuhan Batu Selatan', '2021-05-01 07:43:06', '2021-05-01 07:43:06'),
(479, 34, 219, 'Labuhan Batu Utara', '2021-05-01 07:43:06', '2021-05-01 07:43:06'),
(480, 34, 229, 'Langkat', '2021-05-01 07:43:06', '2021-05-01 07:43:06'),
(481, 34, 268, 'Mandailing Natal', '2021-05-01 07:43:06', '2021-05-01 07:43:06'),
(482, 34, 278, 'Medan', '2021-05-01 07:43:06', '2021-05-01 07:43:06'),
(483, 34, 307, 'Nias', '2021-05-01 07:43:06', '2021-05-01 07:43:06'),
(484, 34, 308, 'Nias Barat', '2021-05-01 07:43:06', '2021-05-01 07:43:06'),
(485, 34, 309, 'Nias Selatan', '2021-05-01 07:43:06', '2021-05-01 07:43:06'),
(486, 34, 310, 'Nias Utara', '2021-05-01 07:43:06', '2021-05-01 07:43:06'),
(487, 34, 319, 'Padang Lawas', '2021-05-01 07:43:06', '2021-05-01 07:43:06'),
(488, 34, 320, 'Padang Lawas Utara', '2021-05-01 07:43:06', '2021-05-01 07:43:06'),
(489, 34, 323, 'Padang Sidempuan', '2021-05-01 07:43:06', '2021-05-01 07:43:06'),
(490, 34, 325, 'Pakpak Bharat', '2021-05-01 07:43:06', '2021-05-01 07:43:06'),
(491, 34, 353, 'Pematang Siantar', '2021-05-01 07:43:06', '2021-05-01 07:43:06'),
(492, 34, 389, 'Samosir', '2021-05-01 07:43:06', '2021-05-01 07:43:06'),
(493, 34, 404, 'Serdang Bedagai', '2021-05-01 07:43:06', '2021-05-01 07:43:06'),
(494, 34, 407, 'Sibolga', '2021-05-01 07:43:06', '2021-05-01 07:43:06'),
(495, 34, 413, 'Simalungun', '2021-05-01 07:43:06', '2021-05-01 07:43:06'),
(496, 34, 459, 'Tanjung Balai', '2021-05-01 07:43:06', '2021-05-01 07:43:06'),
(497, 34, 463, 'Tapanuli Selatan', '2021-05-01 07:43:06', '2021-05-01 07:43:06'),
(498, 34, 464, 'Tapanuli Tengah', '2021-05-01 07:43:06', '2021-05-01 07:43:06'),
(499, 34, 465, 'Tapanuli Utara', '2021-05-01 07:43:06', '2021-05-01 07:43:06'),
(500, 34, 470, 'Tebing Tinggi', '2021-05-01 07:43:06', '2021-05-01 07:43:06'),
(501, 34, 481, 'Toba Samosir', '2021-05-01 07:43:06', '2021-05-01 07:43:06');

-- --------------------------------------------------------

--
-- Table structure for table `costumer`
--

CREATE TABLE `costumer` (
  `id` int(10) UNSIGNED NOT NULL,
  `name` varchar(255) COLLATE utf8mb4_unicode_ci NOT NULL,
  `email` varchar(255) COLLATE utf8mb4_unicode_ci NOT NULL,
  `password` varchar(255) COLLATE utf8mb4_unicode_ci NOT NULL,
  `is_editor` tinyint(1) NOT NULL DEFAULT 0,
  `remember_token` varchar(100) COLLATE utf8mb4_unicode_ci DEFAULT NULL,
  `created_at` timestamp NULL DEFAULT NULL,
  `updated_at` timestamp NULL DEFAULT NULL
) ENGINE=InnoDB DEFAULT CHARSET=utf8mb4 COLLATE=utf8mb4_unicode_ci;

-- --------------------------------------------------------

--
-- Table structure for table `couriers`
--

CREATE TABLE `couriers` (
  `id` int(10) UNSIGNED NOT NULL,
  `code` varchar(10) COLLATE utf8mb4_unicode_ci DEFAULT NULL,
  `courier` varchar(191) COLLATE utf8mb4_unicode_ci NOT NULL,
  `created_at` timestamp NULL DEFAULT NULL,
  `updated_at` timestamp NULL DEFAULT NULL
) ENGINE=InnoDB DEFAULT CHARSET=utf8mb4 COLLATE=utf8mb4_unicode_ci;

--
-- Dumping data for table `couriers`
--

INSERT INTO `couriers` (`id`, `code`, `courier`, `created_at`, `updated_at`) VALUES
(1, 'jne', 'JNE', '2021-04-04 10:00:34', '2021-04-04 10:00:34'),
(2, 'tiki', 'TIKI', '2021-04-04 10:00:39', '2021-04-04 10:00:39'),
(3, 'pos', 'POS', '2021-04-08 07:59:54', '2021-04-13 06:11:48');

-- --------------------------------------------------------

--
-- Table structure for table `discounts`
--

CREATE TABLE `discounts` (
  `id` int(10) NOT NULL,
  `id_product` int(10) UNSIGNED DEFAULT NULL,
  `percentage` int(3) DEFAULT NULL,
  `start` date DEFAULT NULL,
  `end` date DEFAULT NULL,
  `created_at` timestamp NULL DEFAULT NULL,
  `updated_at` timestamp NULL DEFAULT NULL
) ENGINE=InnoDB DEFAULT CHARSET=latin1;

-- --------------------------------------------------------

--
-- Table structure for table `failed_jobs`
--

CREATE TABLE `failed_jobs` (
  `id` bigint(20) UNSIGNED NOT NULL,
  `connection` text COLLATE utf8mb4_unicode_ci NOT NULL,
  `queue` text COLLATE utf8mb4_unicode_ci NOT NULL,
  `payload` longtext COLLATE utf8mb4_unicode_ci NOT NULL,
  `exception` longtext COLLATE utf8mb4_unicode_ci NOT NULL,
  `failed_at` timestamp NOT NULL DEFAULT current_timestamp()
) ENGINE=InnoDB DEFAULT CHARSET=utf8mb4 COLLATE=utf8mb4_unicode_ci;

-- --------------------------------------------------------

--
-- Table structure for table `migrations`
--

CREATE TABLE `migrations` (
  `id` int(10) UNSIGNED NOT NULL,
  `migration` varchar(191) COLLATE utf8mb4_unicode_ci NOT NULL,
  `batch` int(11) NOT NULL
) ENGINE=InnoDB DEFAULT CHARSET=utf8mb4 COLLATE=utf8mb4_unicode_ci;

--
-- Dumping data for table `migrations`
--

INSERT INTO `migrations` (`id`, `migration`, `batch`) VALUES
(1, '2014_10_12_000000_create_users_table', 1),
(2, '2014_10_12_100000_create_password_resets_table', 1),
(3, '2019_02_15_123603_create_admins_table', 1),
(4, '2019_02_15_123744_create_sellers_table', 1),
(5, '2019_02_15_125445_create_products_table', 1),
(6, '2019_02_15_130341_create_product_images_table', 1),
(7, '2019_02_15_131114_create_transactions_table', 1),
(8, '2019_02_15_131132_create_transaction_details_table', 1),
(9, '2019_02_15_132352_create_product_categories_table', 1),
(10, '2019_02_15_132701_create_carts_table', 1),
(11, '2019_02_15_134220_create_wishlists_table', 1),
(12, '2019_02_16_044815_create_rates_table', 1),
(13, '2019_02_16_045411_create_product_reviews_table', 1),
(14, '2019_02_16_062504_create_qna_products_table', 1),
(15, '2019_02_16_063238_create_shopping_voucers_table', 1),
(16, '2019_02_16_064643_create_couriers_table', 1),
(17, '2019_02_16_102028_create_notifications_table', 1),
(18, '2019_02_16_103007_create_seller_notifications_table', 1),
(19, '2019_02_16_103024_create_user_notifications_table', 1),
(20, '2019_08_19_000000_create_failed_jobs_table', 2),
(21, '2021_03_01_133920_create_costumer_table', 3),
(22, '2021_05_01_153313_create_provinces_table', 4),
(23, '2021_05_01_153331_create_cities_table', 4);

-- --------------------------------------------------------

--
-- Table structure for table `password_resets`
--

CREATE TABLE `password_resets` (
  `email` varchar(191) COLLATE utf8mb4_unicode_ci NOT NULL,
  `token` varchar(191) COLLATE utf8mb4_unicode_ci NOT NULL,
  `created_at` timestamp NULL DEFAULT NULL
) ENGINE=InnoDB DEFAULT CHARSET=utf8mb4 COLLATE=utf8mb4_unicode_ci;

--
-- Dumping data for table `password_resets`
--

INSERT INTO `password_resets` (`email`, `token`, `created_at`) VALUES
('meitadianty25@gmail.com', '$2y$10$SarKktovx1ohGwJmCsZiX.ZVY4SzK4bTUomI9cYjrHRZ1Inj7D9AK', '2021-11-02 11:29:26');

-- --------------------------------------------------------

--
-- Table structure for table `products`
--

CREATE TABLE `products` (
  `id` int(10) UNSIGNED NOT NULL,
  `product_name` varchar(191) COLLATE utf8mb4_unicode_ci NOT NULL,
  `price` int(11) NOT NULL,
  `description` text COLLATE utf8mb4_unicode_ci NOT NULL,
  `product_rate` double DEFAULT NULL,
  `created_at` timestamp NULL DEFAULT NULL,
  `updated_at` timestamp NULL DEFAULT NULL,
  `stock` int(10) DEFAULT NULL,
  `weight` int(3) DEFAULT NULL
) ENGINE=InnoDB DEFAULT CHARSET=utf8mb4 COLLATE=utf8mb4_unicode_ci;

--
-- Dumping data for table `products`
--

INSERT INTO `products` (`id`, `product_name`, `price`, `description`, `product_rate`, `created_at`, `updated_at`, `stock`, `weight`) VALUES
(1, 'Mainan Kucing ', 800000, 'mainan kucing ', NULL, '2021-04-04 10:03:18', '2021-05-15 14:42:26', 60, 3000),
(2, 'Mainan Anjing', 54200, 'Mainan Anjing', NULL, '2021-04-04 10:04:04', '2021-05-15 14:42:26', 60, 100),
(3, 'Kandang Anjing', 47920, 'kandang anjing', NULL, '2021-04-04 10:07:40', '2021-05-15 07:36:17', 89, 112),
(4, 'Sisir Rambut Anjing', 48000, 'sisir rambut anjing', NULL, '2021-04-04 10:08:19', '2021-05-15 07:41:43', 89, 340),
(5, 'Shampo Anjing', 262000, 'Shampo Anjing', NULL, '2021-04-04 21:45:25', '2021-05-15 07:50:23', 100, 1300),
(6, 'Stimulo Kucing', 30500, 'Stimulo adalah sejenis vitamin', NULL, '2021-04-05 02:07:03', '2021-05-15 07:54:03', 53, 228),
(7, 'Kalung Anjing', 60500, 'Kalung anjing yang terbuat dari', NULL, '2021-04-05 02:12:39', '2021-05-15 07:57:50', 23, 130),
(8, 'Bedak Anjing DORIS', 20000, 'Bedak anjing berfungsi ', NULL, '2021-04-05 02:13:20', '2021-05-15 08:01:09', 49, 110),
(9, 'Keran Taman', 65000, 'Kran taman bawah putar/otomatis dan bahan besi', NULL, '2021-04-05 04:15:53', '2021-05-15 08:04:24', 25, 333),
(10, 'Panci Magic com', 70000, 'Panci teflon\r\nKapasitas : 1.2 Liter\r\nKompatibel dengan MCM-612\r\nMaterial anti lengket\r\nMudah dibersihkan', NULL, '2021-04-05 04:18:21', '2021-05-15 08:14:42', 101, 700),
(11, 'Rice Cooker', 532000, 'Magic Com / Rice Cooker Philips HD 3128\r\nKapasitas besar 2 liter (hingga 14 orang)\r\nPot dengan lapisan ProCeramic 3X lebih keras dan tahan lama\r\nPanas merata di dalam pot dengan 5 lapisan tebal', NULL, '2021-04-05 04:22:29', '2021-05-15 08:18:16', 17, 1000),
(12, 'Blender', 650000, 'Blender Philips HR 2116 adalah cara yang sempurna untuk menyediakan aneka jus setiap hari bagi keluarga Anda. Blender ini juga dapat membantu Anda dalam mengolah bahan-bahan makanan yang Anda perlukan, menggiling bumbu masak pun menjadi lebih mudah dari sebelumnya. Didesain dengan elegan, blender ini juga memberikan tampilan yang cantik bagi dapur Anda.', NULL, '2021-04-05 04:35:05', '2021-05-15 08:27:15', 20, 1400),
(13, 'Mixer Kue', 971000, 'Terobosan baru di dunia per-mixer-an, mesin kuat dan murah dengan fitur yang ada. Standing Mixer Mito MX100 mempunyai kecepatan 3000-16000 RPM, sangat cepat dibandingkan mixer pada umumnya.', NULL, '2021-04-05 04:37:46', '2021-05-15 08:46:14', 89, 2500),
(14, 'Ember Plastik', 9000, 'EMBER HITAM 22 L\r\nGM.SI4.HH\r\nHARGA PER PCS\r\nBAHAN : PLASTIK KUAT', NULL, '2021-04-05 05:08:26', '2021-05-15 08:49:20', 98, 210),
(15, 'Shower Mandi', 415000, 'Hand showet toto termurah, Untuk air dingin saja', NULL, '2021-04-05 07:28:11', '2021-05-15 08:53:20', 38, 500),
(16, 'Sendok Blender', 52800, 'Sendok juice blender Philips Original Part\r\nPanjang sendok 22.5 cm', NULL, '2021-04-08 07:57:54', '2021-05-15 08:59:51', 26, 100),
(17, 'Foster Coat', 53000, 'Foster Coat merupakan vitamin khusus untuk bulu hewan yang diformulasikan dalam bentuk bubuk / serbuk.', NULL, '2021-04-10 14:47:10', '2021-12-04 10:35:41', 20, 500),
(18, 'Pedigree', 45000, 'Pedigree Beef merupakan makanan anjing yang dilengkapi dengan kandungan nutrisi di dalamnya.', NULL, '2021-04-10 14:48:11', '2021-04-10 14:48:11', 34, 200),
(19, 'Whiskas', 230000, 'Berikan nutrisi terbaik untuk kucing peliharaan Anda dengan makanan kucing dari Whiskas.', NULL, '2021-04-10 14:49:06', '2021-05-12 19:57:39', 17, 600),
(20, 'Karet Kran Air', 17500, 'Karet universal untuk selang jet shower / toilet shower dan selang hand shower), Seal bahan elastis dan kuat untuk air tekanan tinggi dan air panas', NULL, '2021-04-13 06:09:36', '2021-05-15 09:03:54', 30, 50);

-- --------------------------------------------------------

--
-- Table structure for table `product_categories`
--

CREATE TABLE `product_categories` (
  `id` int(10) UNSIGNED NOT NULL,
  `category_name` varchar(191) COLLATE utf8mb4_unicode_ci NOT NULL,
  `created_at` timestamp NULL DEFAULT NULL,
  `updated_at` timestamp NULL DEFAULT NULL
) ENGINE=InnoDB DEFAULT CHARSET=utf8mb4 COLLATE=utf8mb4_unicode_ci;

--
-- Dumping data for table `product_categories`
--

INSERT INTO `product_categories` (`id`, `category_name`, `created_at`, `updated_at`) VALUES
(1, 'Peralatan Mandi Anjing', '2021-04-04 10:01:57', '2021-04-18 17:47:31'),
(2, 'Peralatan Mandi Kucing', '2021-04-04 10:02:07', '2021-04-04 10:02:07'),
(3, 'Peralatan Makan Anjing', '2021-04-04 10:02:20', '2021-04-04 10:02:20'),
(4, 'Peralatan Makan Kucing', '2021-04-04 10:02:30', '2021-04-04 10:02:30'),
(5, 'Aksesoris Anjing', '2021-04-04 10:02:40', '2021-05-15 07:44:36'),
(6, 'Aksesoris Kucing', '2021-04-08 07:58:50', '2021-05-15 07:45:04'),
(7, 'Makanan dan Vitamin', '2021-04-13 06:10:43', '2021-05-15 07:46:02');

-- --------------------------------------------------------

--
-- Table structure for table `product_category_details`
--

CREATE TABLE `product_category_details` (
  `id` int(10) UNSIGNED NOT NULL,
  `product_id` int(10) UNSIGNED NOT NULL,
  `category_id` int(10) UNSIGNED NOT NULL,
  `created_at` timestamp NOT NULL DEFAULT current_timestamp() ON UPDATE current_timestamp(),
  `updated_at` timestamp NOT NULL DEFAULT current_timestamp()
) ENGINE=InnoDB DEFAULT CHARSET=latin1;

--
-- Dumping data for table `product_category_details`
--

INSERT INTO `product_category_details` (`id`, `product_id`, `category_id`, `created_at`, `updated_at`) VALUES
(11, 6, 3, '2021-04-05 10:07:04', '2021-04-05 10:07:04'),
(12, 7, 2, '2021-04-05 10:12:39', '2021-04-05 10:12:39'),
(13, 7, 3, '2021-04-05 10:12:39', '2021-04-05 10:12:39'),
(18, 14, 2, '2021-04-05 13:08:26', '2021-04-05 13:08:26'),
(19, 14, 3, '2021-04-05 13:08:26', '2021-04-05 13:08:26'),
(20, 15, 2, '2021-04-05 15:28:11', '2021-04-05 15:28:11'),
(31, 17, 1, '2021-04-10 14:47:10', '2021-04-10 14:47:10'),
(33, 17, 6, '2021-04-10 14:47:10', '2021-04-10 14:47:10'),
(34, 18, 1, '2021-04-10 14:48:11', '2021-04-10 14:48:11'),
(35, 18, 5, '2021-04-10 14:48:11', '2021-04-10 14:48:11'),
(36, 19, 1, '2021-04-10 14:49:06', '2021-04-10 14:49:06'),
(38, 19, 6, '2021-04-10 14:49:06', '2021-04-10 14:49:06'),
(41, 9, 3, '2021-04-13 06:07:50', '2021-04-13 06:07:50'),
(44, 20, 2, '2021-04-13 06:10:01', '2021-04-13 06:10:01'),
(45, 20, 3, '2021-04-13 06:10:13', '2021-04-13 06:10:13'),
(49, 1, 1, '2021-05-15 07:40:41', '2021-05-15 07:40:41'),
(50, 1, 5, '2021-05-15 07:40:41', '2021-05-15 07:40:41'),
(51, 2, 1, '2021-05-15 07:40:53', '2021-05-15 07:40:53'),
(52, 3, 1, '2021-05-15 07:41:12', '2021-05-15 07:41:12'),
(53, 3, 3, '2021-05-15 07:41:12', '2021-05-15 07:41:12'),
(54, 3, 4, '2021-05-15 07:41:12', '2021-05-15 07:41:12'),
(55, 4, 3, '2021-05-15 07:41:43', '2021-05-15 07:41:43'),
(56, 4, 4, '2021-05-15 07:41:43', '2021-05-15 07:41:43'),
(57, 5, 1, '2021-05-15 07:50:23', '2021-05-15 07:50:23'),
(58, 5, 6, '2021-05-15 07:50:23', '2021-05-15 07:50:23'),
(59, 7, 1, '2021-05-15 07:57:50', '2021-05-15 07:57:50'),
(60, 8, 1, '2021-05-15 08:01:09', '2021-05-15 08:01:09'),
(61, 8, 6, '2021-05-15 08:01:09', '2021-05-15 08:01:09'),
(62, 10, 1, '2021-05-15 08:14:42', '2021-05-15 08:14:42'),
(63, 10, 7, '2021-05-15 08:14:42', '2021-05-15 08:14:42'),
(64, 11, 1, '2021-05-15 08:18:16', '2021-05-15 08:18:16'),
(65, 11, 5, '2021-05-15 08:18:16', '2021-05-15 08:18:16'),
(66, 6, 4, '2021-05-15 08:19:40', '2021-05-15 08:19:40'),
(67, 7, 4, '2021-05-15 08:19:55', '2021-05-15 08:19:55'),
(68, 12, 1, '2021-05-15 08:27:15', '2021-05-15 08:27:15'),
(69, 12, 5, '2021-05-15 08:27:15', '2021-05-15 08:27:15'),
(70, 13, 1, '2021-05-15 08:39:11', '2021-05-15 08:39:11'),
(71, 13, 5, '2021-05-15 08:39:11', '2021-05-15 08:39:11'),
(72, 13, 6, '2021-05-15 08:39:11', '2021-05-15 08:39:11'),
(73, 14, 4, '2021-05-15 08:49:20', '2021-05-15 08:49:20'),
(74, 16, 1, '2021-05-15 08:59:51', '2021-05-15 08:59:51'),
(75, 16, 7, '2021-05-15 08:59:51', '2021-05-15 08:59:51'),
(76, 20, 1, '2021-05-15 09:03:54', '2021-05-15 09:03:54');

-- --------------------------------------------------------

--
-- Table structure for table `product_images`
--

CREATE TABLE `product_images` (
  `id` int(10) UNSIGNED NOT NULL,
  `product_id` int(10) UNSIGNED NOT NULL,
  `image_name` varchar(191) COLLATE utf8mb4_unicode_ci NOT NULL,
  `created_at` timestamp NULL DEFAULT NULL,
  `updated_at` timestamp NULL DEFAULT NULL
) ENGINE=InnoDB DEFAULT CHARSET=utf8mb4 COLLATE=utf8mb4_unicode_ci;

--
-- Dumping data for table `product_images`
--

INSERT INTO `product_images` (`id`, `product_id`, `image_name`, `created_at`, `updated_at`) VALUES
(55, 17, 'img-01.png', '2021-04-10 14:47:10', '2021-04-10 14:47:10'),
(56, 18, 'img-02.png', '2021-04-10 14:48:11', '2021-04-10 14:48:11'),
(57, 19, 'img-03.png', '2021-04-10 14:49:06', '2021-04-10 14:49:06'),
(67, 1, 'mainankucing.png', '2021-05-15 07:20:52', '2021-05-15 07:20:52'),
(68, 4, 'sisiranjing.png', '2021-05-15 07:20:52', '2021-05-15 07:20:52'),
(69, 2, 'mainananjing.png', '2021-05-15 07:20:52', '2021-05-15 07:20:52'),
(70, 3, 'tempattidur.png', '2021-05-15 07:42:07', '2021-05-15 07:42:07'),
(71, 6, 'stimulokucing.png', '2021-05-15 07:42:07', '2021-05-15 07:42:07'),
(72, 5, 'shampoanjing.png', '2021-05-15 07:42:07', '2021-05-15 07:42:07'),
(73, 7, 'kalunganjing.png', '2021-05-15 07:42:31', '2021-05-15 07:42:31'),
(74, 8, 'bedakanjing.png', '2021-05-15 07:42:31', '2021-05-15 07:42:31'),
(75, 3, '976b508ebb030b49e43bfb895c36927fSapu1.jpg', '2021-05-15 07:42:31', '2021-05-15 07:42:31'),
(76, 4, '8db5e7a0b5b99ab288e3ff8e272118e8Gunting Tanaman.jpg', '2021-05-15 07:43:14', '2021-05-15 07:43:14'),
(77, 4, '8db5e7a0b5b99ab288e3ff8e272118e8Gunting Tanaman2.jpg', '2021-05-15 07:43:14', '2021-05-15 07:43:14'),
(78, 4, '8db5e7a0b5b99ab288e3ff8e272118e8Gunting Tanaman1.jpg', '2021-05-15 07:43:14', '2021-05-15 07:43:14'),
(79, 5, 'edd95437821178dbb03659c00e5f5ccaCetakan Wafle2.jpg', '2021-05-15 07:50:40', '2021-05-15 07:50:40'),
(80, 5, 'edd95437821178dbb03659c00e5f5ccaCetakan Wafle1.jpg', '2021-05-15 07:50:40', '2021-05-15 07:50:40'),
(81, 5, 'edd95437821178dbb03659c00e5f5ccaCetakan Wafle.jpg', '2021-05-15 07:50:40', '2021-05-15 07:50:40'),
(82, 6, 'ffb3b97c58a3693286f095bb3a5f406bGergaji2.png', '2021-05-15 07:54:21', '2021-05-15 07:54:21'),
(83, 6, 'ffb3b97c58a3693286f095bb3a5f406bGergaji1.jpg', '2021-05-15 07:54:21', '2021-05-15 07:54:21'),
(84, 6, 'ffb3b97c58a3693286f095bb3a5f406bGergaji.jpg', '2021-05-15 07:54:21', '2021-05-15 07:54:21'),
(85, 9, 'ffedc1e26d43179f4df970b8352e3ca6Keran Taman1.jpg', '2021-05-15 08:04:42', '2021-05-15 08:04:42'),
(86, 9, 'ffedc1e26d43179f4df970b8352e3ca6Keran Taman2.jpg', '2021-05-15 08:04:42', '2021-05-15 08:04:42'),
(87, 9, 'ffedc1e26d43179f4df970b8352e3ca6Keran Taman.jpg', '2021-05-15 08:04:42', '2021-05-15 08:04:42'),
(88, 7, '581816300be1c9eee27b901eee5b17f3Keran Air2.jpg', '2021-05-15 08:08:28', '2021-05-15 08:08:28'),
(89, 7, '581816300be1c9eee27b901eee5b17f3Keran Air1.jpg', '2021-05-15 08:08:28', '2021-05-15 08:08:28'),
(90, 7, '581816300be1c9eee27b901eee5b17f3Keran Air.jpg', '2021-05-15 08:08:28', '2021-05-15 08:08:28'),
(91, 8, '47163d70b686233bcf9e1b1b4161cfe3Loyang Brownis2.jpeg', '2021-05-15 08:08:58', '2021-05-15 08:08:58'),
(92, 8, '47163d70b686233bcf9e1b1b4161cfe3Loyang Brownis2.jpg', '2021-05-15 08:08:58', '2021-05-15 08:08:58'),
(93, 8, '47163d70b686233bcf9e1b1b4161cfe3Loyang Brownis.jpg', '2021-05-15 08:08:58', '2021-05-15 08:08:58'),
(94, 10, 'edd293b64c2361f845e4115958134e35Panci Magic com2.jpg', '2021-05-15 08:15:06', '2021-05-15 08:15:06'),
(95, 10, 'edd293b64c2361f845e4115958134e35Panci Magic com1.jpg', '2021-05-15 08:15:06', '2021-05-15 08:15:06'),
(96, 10, 'edd293b64c2361f845e4115958134e35Panci Magic com.jpg', '2021-05-15 08:15:06', '2021-05-15 08:15:06'),
(97, 11, '32edc21c8417d0311bd706ec54392bdeRice Cooker2.jpg', '2021-05-15 08:18:32', '2021-05-15 08:18:32'),
(98, 11, '32edc21c8417d0311bd706ec54392bdeRice Cooker1.jpg', '2021-05-15 08:18:32', '2021-05-15 08:18:32'),
(99, 11, '32edc21c8417d0311bd706ec54392bdeRice Cooker.jpg', '2021-05-15 08:18:32', '2021-05-15 08:18:32'),
(100, 12, 'c29312c710ac725f8eed68091decfc260a843f17f1c8c408d8ad5e32fa94082c.jpg', '2021-05-15 08:27:23', '2021-05-15 08:27:23'),
(101, 12, 'c29312c710ac725f8eed68091decfc26HR2116_01-IMS-id_ID.webp', '2021-05-15 08:27:23', '2021-05-15 08:27:23'),
(102, 12, 'c29312c710ac725f8eed68091decfc26HR2221_00-IMS-id_ID.webp', '2021-05-15 08:27:23', '2021-05-15 08:27:23'),
(104, 13, '8abe5aaf7a7d0966e931edd8453d4be2Mixer1.jpg', '2021-05-15 08:39:41', '2021-05-15 08:39:41'),
(105, 13, '8abe5aaf7a7d0966e931edd8453d4be2Mixer.jpg', '2021-05-15 08:39:41', '2021-05-15 08:39:41'),
(106, 13, '031ae870b58cd9839e6fb07fe818d824Mixer3.jpg', '2021-05-15 08:45:11', '2021-05-15 08:45:11'),
(107, 14, '78c068aa40cd2a76928cbf4f70b016d7Ember3.jpg', '2021-05-15 08:49:40', '2021-05-15 08:49:40'),
(108, 14, '78c068aa40cd2a76928cbf4f70b016d7Ember1.jpg', '2021-05-15 08:49:40', '2021-05-15 08:49:40'),
(109, 14, '78c068aa40cd2a76928cbf4f70b016d7Ember.jpg', '2021-05-15 08:49:40', '2021-05-15 08:49:40'),
(110, 15, '3be971c562ccbe91b0545bfea8404992Shower1.jpg', '2021-05-15 08:53:26', '2021-05-15 08:53:26'),
(111, 15, '3be971c562ccbe91b0545bfea8404992Shower.jpg', '2021-05-15 08:53:27', '2021-05-15 08:53:27'),
(112, 16, '2b2858ded0d550101d27f140e0f34947Sendok Blender2.jpg', '2021-05-15 09:00:04', '2021-05-15 09:00:04'),
(113, 16, '2b2858ded0d550101d27f140e0f34947Sendok Blender1.jpg', '2021-05-15 09:00:04', '2021-05-15 09:00:04'),
(114, 16, '2b2858ded0d550101d27f140e0f34947Sendok Blender.jpg', '2021-05-15 09:00:04', '2021-05-15 09:00:04'),
(115, 20, '12ffe31c1690b40bece05cc98237c484karet kran air2.jpg', '2021-05-15 09:04:04', '2021-05-15 09:04:04'),
(116, 20, '4420fed47a0448dd771cc1119955679ckaret kran air1.webp', '2021-05-15 09:04:11', '2021-05-15 09:04:11'),
(117, 20, '4420fed47a0448dd771cc1119955679ckaret kran air.jpg', '2021-05-15 09:04:11', '2021-05-15 09:04:11');

-- --------------------------------------------------------

--
-- Table structure for table `product_reviews`
--

CREATE TABLE `product_reviews` (
  `id` int(10) UNSIGNED NOT NULL,
  `product_id` int(10) UNSIGNED NOT NULL,
  `user_id` int(10) UNSIGNED NOT NULL,
  `rate` int(1) NOT NULL,
  `content` text COLLATE utf8mb4_unicode_ci NOT NULL,
  `created_at` timestamp NULL DEFAULT NULL,
  `updated_at` timestamp NULL DEFAULT NULL
) ENGINE=InnoDB DEFAULT CHARSET=utf8mb4 COLLATE=utf8mb4_unicode_ci;

--
-- Dumping data for table `product_reviews`
--

INSERT INTO `product_reviews` (`id`, `product_id`, `user_id`, `rate`, `content`, `created_at`, `updated_at`) VALUES
(1, 1, 5, 4, 'Anginn ciuuuk', '2021-05-14 10:24:39', '2021-05-14 10:24:39'),
(2, 7, 5, 5, 'Asli mantap poollll', '2021-05-14 11:47:37', '2021-05-14 11:47:37'),
(3, 5, 5, 3, 'Asli keras', '2021-05-14 11:55:56', '2021-05-14 11:55:56'),
(4, 5, 5, 2, 'Mantap taruh di posko', '2021-05-14 11:56:11', '2021-05-14 11:56:11'),
(5, 5, 5, 4, 'Mantap Gan makasih banyak', '2021-05-14 11:56:28', '2021-05-14 11:56:28'),
(6, 5, 5, 4, 'Rekomendasi buat temen temen semua', '2021-05-14 11:56:54', '2021-05-14 11:56:54'),
(7, 5, 5, 3, 'makasih banyak gan suka banget', '2021-05-14 11:57:08', '2021-05-14 11:57:08'),
(8, 4, 5, 3, 'Asli bersih abis pakek ini', '2021-05-14 15:56:25', '2021-05-14 15:56:25'),
(9, 4, 5, 3, 'Asli bersih abis pakek ini', '2021-05-14 15:56:40', '2021-05-14 15:56:40'),
(10, 4, 5, 3, 'Asli bersih abis pakek ini', '2021-05-14 15:58:08', '2021-05-14 15:58:08'),
(11, 4, 5, 2, 'Asli mantap', '2021-05-14 16:03:01', '2021-05-14 16:03:01'),
(12, 4, 5, 5, 'Mantap mantap', '2021-05-14 16:06:30', '2021-05-14 16:06:30'),
(13, 4, 5, 2, 'asdasds', '2021-05-14 16:07:31', '2021-05-14 16:07:31'),
(14, 4, 5, 3, 'asdasda', '2021-05-14 16:09:42', '2021-05-14 16:09:42'),
(15, 4, 5, 4, 'Asli mantap nii', '2021-05-14 16:32:54', '2021-05-14 16:32:54'),
(16, 11, 5, 2, 'Apaan nii kurang lah', '2021-05-14 16:36:11', '2021-05-14 16:36:11'),
(17, 4, 5, 4, 'asdsadd', '2021-05-14 16:36:40', '2021-05-14 16:36:40'),
(18, 11, 5, 3, 'Cuma cocok kalau pro', '2021-05-14 16:44:46', '2021-05-14 16:44:46'),
(19, 11, 5, 3, 'Cocok niii buat kamu yang mau serius', '2021-05-14 16:47:02', '2021-05-14 16:47:02'),
(20, 2, 5, 4, 'Makasih banyak berguna banget', '2021-05-15 15:05:08', '2021-05-15 15:05:08');

-- --------------------------------------------------------

--
-- Table structure for table `provinces`
--

CREATE TABLE `provinces` (
  `id` bigint(20) UNSIGNED NOT NULL,
  `province_id` int(10) UNSIGNED NOT NULL,
  `name` varchar(255) COLLATE utf8mb4_unicode_ci NOT NULL,
  `created_at` timestamp NULL DEFAULT NULL,
  `updated_at` timestamp NULL DEFAULT NULL
) ENGINE=InnoDB DEFAULT CHARSET=utf8mb4 COLLATE=utf8mb4_unicode_ci;

--
-- Dumping data for table `provinces`
--

INSERT INTO `provinces` (`id`, `province_id`, `name`, `created_at`, `updated_at`) VALUES
(1, 1, 'Bali', '2021-05-01 07:42:23', '2021-05-01 07:42:23'),
(2, 2, 'Bangka Belitung', '2021-05-01 07:42:24', '2021-05-01 07:42:24'),
(3, 3, 'Banten', '2021-05-01 07:42:25', '2021-05-01 07:42:25'),
(4, 4, 'Bengkulu', '2021-05-01 07:42:26', '2021-05-01 07:42:26'),
(5, 5, 'DI Yogyakarta', '2021-05-01 07:42:28', '2021-05-01 07:42:28'),
(6, 6, 'DKI Jakarta', '2021-05-01 07:42:29', '2021-05-01 07:42:29'),
(7, 7, 'Gorontalo', '2021-05-01 07:42:31', '2021-05-01 07:42:31'),
(8, 8, 'Jambi', '2021-05-01 07:42:32', '2021-05-01 07:42:32'),
(9, 9, 'Jawa Barat', '2021-05-01 07:42:33', '2021-05-01 07:42:33'),
(10, 10, 'Jawa Tengah', '2021-05-01 07:42:35', '2021-05-01 07:42:35'),
(11, 11, 'Jawa Timur', '2021-05-01 07:42:36', '2021-05-01 07:42:36'),
(12, 12, 'Kalimantan Barat', '2021-05-01 07:42:37', '2021-05-01 07:42:37'),
(13, 13, 'Kalimantan Selatan', '2021-05-01 07:42:39', '2021-05-01 07:42:39'),
(14, 14, 'Kalimantan Tengah', '2021-05-01 07:42:40', '2021-05-01 07:42:40'),
(15, 15, 'Kalimantan Timur', '2021-05-01 07:42:41', '2021-05-01 07:42:41'),
(16, 16, 'Kalimantan Utara', '2021-05-01 07:42:42', '2021-05-01 07:42:42'),
(17, 17, 'Kepulauan Riau', '2021-05-01 07:42:44', '2021-05-01 07:42:44'),
(18, 18, 'Lampung', '2021-05-01 07:42:45', '2021-05-01 07:42:45'),
(19, 19, 'Maluku', '2021-05-01 07:42:46', '2021-05-01 07:42:46'),
(20, 20, 'Maluku Utara', '2021-05-01 07:42:47', '2021-05-01 07:42:47'),
(21, 21, 'Nanggroe Aceh Darussalam (NAD)', '2021-05-01 07:42:48', '2021-05-01 07:42:48'),
(22, 22, 'Nusa Tenggara Barat (NTB)', '2021-05-01 07:42:50', '2021-05-01 07:42:50'),
(23, 23, 'Nusa Tenggara Timur (NTT)', '2021-05-01 07:42:51', '2021-05-01 07:42:51'),
(24, 24, 'Papua', '2021-05-01 07:42:53', '2021-05-01 07:42:53'),
(25, 25, 'Papua Barat', '2021-05-01 07:42:54', '2021-05-01 07:42:54'),
(26, 26, 'Riau', '2021-05-01 07:42:55', '2021-05-01 07:42:55'),
(27, 27, 'Sulawesi Barat', '2021-05-01 07:42:56', '2021-05-01 07:42:56'),
(28, 28, 'Sulawesi Selatan', '2021-05-01 07:42:57', '2021-05-01 07:42:57'),
(29, 29, 'Sulawesi Tengah', '2021-05-01 07:42:59', '2021-05-01 07:42:59'),
(30, 30, 'Sulawesi Tenggara', '2021-05-01 07:43:00', '2021-05-01 07:43:00'),
(31, 31, 'Sulawesi Utara', '2021-05-01 07:43:01', '2021-05-01 07:43:01'),
(32, 32, 'Sumatera Barat', '2021-05-01 07:43:02', '2021-05-01 07:43:02'),
(33, 33, 'Sumatera Selatan', '2021-05-01 07:43:03', '2021-05-01 07:43:03'),
(34, 34, 'Sumatera Utara', '2021-05-01 07:43:04', '2021-05-01 07:43:04');

-- --------------------------------------------------------

--
-- Table structure for table `response`
--

CREATE TABLE `response` (
  `id` int(10) UNSIGNED NOT NULL,
  `review_id` int(10) UNSIGNED NOT NULL,
  `admin_id` int(10) UNSIGNED NOT NULL,
  `content` text NOT NULL,
  `created_at` timestamp NOT NULL DEFAULT current_timestamp() ON UPDATE current_timestamp(),
  `updated_at` timestamp NOT NULL DEFAULT '0000-00-00 00:00:00'
) ENGINE=InnoDB DEFAULT CHARSET=latin1;

--
-- Dumping data for table `response`
--

INSERT INTO `response` (`id`, `review_id`, `admin_id`, `content`, `created_at`, `updated_at`) VALUES
(1, 1, 5, 'Awas masuk angin gan', '2021-05-14 11:32:00', '2021-05-14 11:32:00'),
(2, 1, 5, 'Ngokeh gan', '2021-05-14 11:36:38', '2021-05-14 11:36:38'),
(3, 1, 5, 'Makasih banyak ngab', '2021-05-14 11:41:23', '2021-05-14 11:41:23'),
(4, 1, 5, 'makasih brader', '2021-05-14 16:34:33', '2021-05-14 16:34:33'),
(5, 20, 5, 'Mantap gan ditunggu pesanan selanjutnya', '2021-05-15 15:24:36', '2021-05-15 15:24:36'),
(6, 20, 5, 'Semoga suka ngab', '2021-05-15 15:27:41', '2021-05-15 15:27:41');

-- --------------------------------------------------------

--
-- Table structure for table `transactions`
--

CREATE TABLE `transactions` (
  `id` int(10) UNSIGNED NOT NULL,
  `timeout` datetime NOT NULL,
  `address` varchar(191) COLLATE utf8mb4_unicode_ci NOT NULL,
  `regency` varchar(50) COLLATE utf8mb4_unicode_ci NOT NULL,
  `province` varchar(50) COLLATE utf8mb4_unicode_ci NOT NULL,
  `total` double(12,2) NOT NULL,
  `shipping_cost` double(12,2) NOT NULL,
  `sub_total` double(12,2) NOT NULL,
  `user_id` int(20) UNSIGNED NOT NULL,
  `courier_id` int(10) UNSIGNED NOT NULL,
  `proof_of_payment` varchar(191) COLLATE utf8mb4_unicode_ci DEFAULT NULL,
  `created_at` timestamp NULL DEFAULT NULL,
  `updated_at` timestamp NULL DEFAULT NULL,
  `status` enum('unverified','verified','delivered','success','expired','canceled') COLLATE utf8mb4_unicode_ci DEFAULT NULL
) ENGINE=InnoDB DEFAULT CHARSET=utf8mb4 COLLATE=utf8mb4_unicode_ci;

--
-- Dumping data for table `transactions`
--

INSERT INTO `transactions` (`id`, `timeout`, `address`, `regency`, `province`, `total`, `shipping_cost`, `sub_total`, `user_id`, `courier_id`, `proof_of_payment`, `created_at`, `updated_at`, `status`) VALUES
(129, '2021-12-07 22:43:02', 'asdfghjkl', 'Bangli', 'Bali', 62000.00, 9000.00, 53000.00, 18, 1, '4b27817801f864a5d0eb72c1912b392aScreenshot (1).png', '2021-12-06 14:43:02', '2021-12-06 14:43:12', 'unverified');

-- --------------------------------------------------------

--
-- Table structure for table `transaction_details`
--

CREATE TABLE `transaction_details` (
  `id` int(10) UNSIGNED NOT NULL,
  `transaction_id` int(10) UNSIGNED NOT NULL,
  `product_id` int(10) UNSIGNED NOT NULL,
  `qty` int(11) NOT NULL,
  `discount` int(3) DEFAULT NULL,
  `selling_price` int(11) DEFAULT NULL,
  `created_at` timestamp NULL DEFAULT NULL,
  `updated_at` timestamp NULL DEFAULT NULL
) ENGINE=InnoDB DEFAULT CHARSET=utf8mb4 COLLATE=utf8mb4_unicode_ci;

--
-- Dumping data for table `transaction_details`
--

INSERT INTO `transaction_details` (`id`, `transaction_id`, `product_id`, `qty`, `discount`, `selling_price`, `created_at`, `updated_at`) VALUES
(124, 129, 17, 1, 0, 53000, '2021-12-06 14:43:02', '2021-12-06 14:43:02');

-- --------------------------------------------------------

--
-- Table structure for table `users`
--

CREATE TABLE `users` (
  `id` int(10) UNSIGNED NOT NULL,
  `name` varchar(191) COLLATE utf8mb4_unicode_ci NOT NULL,
  `email` varchar(191) COLLATE utf8mb4_unicode_ci NOT NULL,
  `profile_image` varchar(191) COLLATE utf8mb4_unicode_ci DEFAULT NULL,
  `status` varchar(191) COLLATE utf8mb4_unicode_ci DEFAULT NULL,
  `email_verified_at` timestamp NULL DEFAULT NULL,
  `password` varchar(191) COLLATE utf8mb4_unicode_ci NOT NULL,
  `remember_token` varchar(100) COLLATE utf8mb4_unicode_ci DEFAULT NULL,
  `created_at` timestamp NULL DEFAULT NULL,
  `updated_at` timestamp NULL DEFAULT NULL,
  `activated` tinyint(1) DEFAULT NULL
) ENGINE=InnoDB DEFAULT CHARSET=utf8mb4 COLLATE=utf8mb4_unicode_ci;

--
-- Dumping data for table `users`
--

INSERT INTO `users` (`id`, `name`, `email`, `profile_image`, `status`, `email_verified_at`, `password`, `remember_token`, `created_at`, `updated_at`, `activated`) VALUES
(1, 'desak', 'desak@gmail.com', '', '', '2021-04-06 07:07:55', '$2y$10$5s3a5cXJjc6ZQd1mKozEtODeYZkw46mUd2aEQZUnz9zH.zt1rknhS', NULL, '2021-04-06 07:06:45', '2021-04-06 07:07:55', 0),
(2, 'vania', 'vania@gmail.com', '', '', '2021-04-06 07:39:49', '$2y$10$PQ1JrXxU4QWnyiieoL/mROa63PtMVJOdnwHwSOSEvzr1xaOGxelkO', NULL, '2021-04-06 07:35:11', '2021-04-06 07:39:49', 0),
(3, 'budhi', 'budhi@gmail.com', '5cb72d22e5849b9bfd8294907a05aa581_1_S__6873106.jpg', NULL, '2021-04-08 08:03:57', '$2y$10$/D7NxT8BVv/CkfAViRfJQOLAi/MHXRbtZVdFNF/wiwwniMUMxpWbW', NULL, '2021-04-08 08:03:31', '2021-05-15 15:41:12', NULL),
(4, 'Ilham', 'ilham@gmail.com', NULL, NULL, '2021-04-13 06:01:53', '$2y$10$ichaF7ps1hx66cNrH4ZpPO8uJw69UTNI.FVLhS6A9ZtEeZkctN3oG', NULL, '2021-04-13 06:01:11', '2021-04-13 06:01:53', NULL),
(5, 'Arta Kusuma', 'artakusuma@gmail.com', '8cfe444485bf832ba98b6877549aade71460983683558.jpg', NULL, NULL, '$2y$10$46CpCHZB16U5OV73wSwcH.7Ioi2yx/I8ThBIYUOzVSJtOn1CxCiSC', 'GafHRnr0ZiClyAVZ87AIZTQwkwHYC6Rf8iTVEm9hTjDMyPU8MQRKDNA93li6', '2021-05-04 05:08:54', '2021-05-14 07:46:19', NULL),
(6, 'meita d', 'meitad@gmail.com', NULL, NULL, '2021-05-11 12:01:21', '$2y$10$kCMLNRUjOftzkjkyC95OCu.frlNU3xNVFxh2zWLrdhnl8Sptm38k6', NULL, '2021-05-11 11:59:18', '2021-05-11 12:01:21', NULL),
(7, 'Kusuma Giri', 'kusuma_giri@gmail.com', NULL, NULL, NULL, '$2y$10$D7bt7mHC3mKKMCcBZNf0V.UXY78KMZHyoKF1YkFdn131G3p7OPhMK', NULL, '2021-05-13 11:56:20', '2021-05-13 11:56:20', NULL),
(8, 'Dede Budhi', 'dede_budhi@gmail.com', NULL, NULL, NULL, '$2y$10$FGOPaZmVVdWF7rkgKe4uU.czlauMIicKXbYoT1oN5K.vX2m0a5he2', NULL, '2021-05-13 12:01:24', '2021-05-13 12:01:24', NULL),
(9, 'D meita', 'd_meita@gmail.com', NULL, NULL, NULL, '$2y$10$kMx11yloQzB9L3ujqG6w5.uBvPXbho3zou/KeUTXcuV90/Q3Mdlb6', NULL, '2021-05-13 12:10:20', '2021-05-13 12:10:20', NULL),
(10, 'Zeke', 'zeke_yeager@gmail.com', NULL, NULL, NULL, '$2y$10$Nw8tvIVr85zjsA7RpmvWWOHw.j2rbgFj7iouuqW7iqPQrG0by8LwK', NULL, '2021-05-13 15:01:08', '2021-05-13 15:01:08', NULL),
(11, 'Edwin Sirait', 'edwin_sirait@gmail.com', NULL, NULL, NULL, '$2y$10$Q27PYYbA2RfBSxAD2hUWH.n4UA6T4LZg9LHSCnJenprEQajTrD7Mi', NULL, '2021-05-13 15:06:49', '2021-05-13 15:06:49', NULL),
(12, 'Ary S', 'ary_s@gmail.com', NULL, NULL, NULL, '$2y$10$IFPKMTpgZvjA2V6NY0Ksfex5HuGyDlJBJ7bWRJTzl7vH/xkUnW0A2', NULL, '2021-05-13 15:09:49', '2021-05-13 15:09:49', NULL),
(13, 'Marvel DC', 'marvel_dc@gmail.com', NULL, NULL, '2021-05-13 15:20:47', '$2y$10$2qrJ1x730Ynrg7b5LMjzw.R270LGc7QI/KPLVvBI52/n4d77X6hvG', NULL, '2021-05-13 15:19:12', '2021-05-13 15:20:47', NULL),
(14, 'Dianti M', 'dianti_m@gmail.com', NULL, NULL, '2021-05-13 15:32:31', '$2y$10$Ey8AhwMV0JS5UFgaoHd7WubrMc8AVkOEQg5B87pK..gQpwwWBJcD2', NULL, '2021-05-13 15:24:26', '2021-05-13 15:32:31', NULL),
(15, 'Haruto', 'haruto@gmail.com', NULL, NULL, '2021-05-27 07:59:18', '$2y$10$E4wpvfBZM8OlzzkY841.GeT0kf5DIzPXUfyLD6ubmpMgEF1ugmlnG', NULL, '2021-05-27 07:58:11', '2021-05-27 07:59:18', NULL),
(16, 'asdfgh', 'meitadianty25@gmail.com', NULL, NULL, NULL, '$2y$10$/Yi624RebOGrJdHTjGIizut/.aqzZISh0bxOOGFOqVpt83Bdpk0MK', NULL, '2021-11-02 09:46:55', '2021-11-02 09:46:55', NULL),
(17, 'dian', 'dian@gmail.com', NULL, NULL, NULL, '$2y$10$YLCCF3.1U3PMIsfl6Y1gLebZse6ZcKrCyf67yJAv4r3q3HqfLYwFi', NULL, '2021-11-02 11:30:41', '2021-11-02 11:30:41', NULL),
(18, 'gigi', 'gigi@gmail.com', NULL, NULL, NULL, '$2y$10$uTO47qSXmAK4TTuDpHjo1OL6xJ9rTZATeH3ggWv4S8eeel5qXVR2C', NULL, '2021-11-02 11:42:31', '2021-11-02 11:42:31', NULL),
(19, 'xixi', 'xixi@gmail.com', NULL, NULL, NULL, '$2y$10$FNlOBZg5gcqwpF1TSetAGuZpNwYGPMgB/67St5M8HiIXz0LqnCrlu', NULL, '2021-12-04 10:14:17', '2021-12-04 10:14:17', NULL);

-- --------------------------------------------------------

--
-- Table structure for table `user_activations`
--

CREATE TABLE `user_activations` (
  `user_id` int(10) UNSIGNED NOT NULL,
  `token` varchar(255) COLLATE utf8mb4_unicode_ci NOT NULL,
  `created_at` timestamp NOT NULL DEFAULT current_timestamp() ON UPDATE current_timestamp()
) ENGINE=InnoDB DEFAULT CHARSET=utf8mb4 COLLATE=utf8mb4_unicode_ci;

-- --------------------------------------------------------

--
-- Table structure for table `user_notifications`
--

CREATE TABLE `user_notifications` (
  `id` int(11) NOT NULL,
  `type` varchar(191) COLLATE utf8mb4_unicode_ci NOT NULL,
  `notifiable_type` varchar(191) COLLATE utf8mb4_unicode_ci NOT NULL,
  `notifiable_id` int(11) UNSIGNED NOT NULL,
  `data` text COLLATE utf8mb4_unicode_ci NOT NULL,
  `read_at` timestamp NULL DEFAULT NULL,
  `created_at` timestamp NULL DEFAULT NULL,
  `updated_at` timestamp NULL DEFAULT NULL
) ENGINE=InnoDB DEFAULT CHARSET=utf8mb4 COLLATE=utf8mb4_unicode_ci;

--
-- Dumping data for table `user_notifications`
--

INSERT INTO `user_notifications` (`id`, `type`, `notifiable_type`, `notifiable_id`, `data`, `read_at`, `created_at`, `updated_at`) VALUES
(1, 'App\\Notifications\\AdminNotification', 'App\\User', 5, '{\"nama\":\"Arta Kusuma\",\"massage\":\"Transaksi telah dibatalkan\",\"id\":89}', '2021-05-12 06:22:31', '2021-05-11 16:27:22', '2021-05-12 06:22:03'),
(2, 'App\\Notifications\\AdminNotification', 'App\\User', 5, '{\"nama\":\"Arta Kusuma\",\"massage\":\"Transaksi telah dibatalkan\",\"id\":90}', '2021-05-12 06:25:20', '2021-05-12 06:25:16', '2021-05-12 06:25:20'),
(3, 'App\\Notifications\\AdminNotification', 'App\\User', 5, '{\"nama\":\"Arta Kusuma\",\"massage\":\"Transaksi telah dibatalkan\",\"id\":91}', '2021-05-12 06:27:15', '2021-05-12 06:27:13', '2021-05-12 06:27:15'),
(4, 'App\\Notifications\\AdminNotification', 'App\\User', 5, '{\"nama\":\"Arta Kusuma\",\"massage\":\"Transaksi telah gagal\",\"id\":92}', NULL, '2021-05-12 18:41:01', '2021-05-12 18:41:01'),
(5, 'App\\Notifications\\AdminNotification', 'App\\User', 5, '{\"nama\":\"Arta Kusuma\",\"massage\":\"Transaksi telah gagal\",\"id\":92}', NULL, '2021-05-12 18:41:06', '2021-05-12 18:41:06'),
(6, 'App\\Notifications\\AdminNotification', 'App\\User', 5, '{\"nama\":\"Arta Kusuma\",\"massage\":\"Transaksi telah gagal\",\"id\":93}', NULL, '2021-05-12 18:41:12', '2021-05-12 18:41:12'),
(7, 'App\\Notifications\\AdminNotification', 'App\\User', 5, '{\"nama\":\"Arta Kusuma\",\"massage\":\"Transaksi telah gagal\",\"id\":94}', '2021-05-12 19:09:11', '2021-05-12 18:41:19', '2021-05-12 19:09:11'),
(8, 'App\\Notifications\\AdminNotification', 'App\\User', 5, '{\"nama\":\"Arta Kusuma\",\"massage\":\"Transaksi telah gagal\",\"id\":95}', '2021-05-12 19:09:13', '2021-05-12 18:41:23', '2021-05-12 19:09:13'),
(9, 'App\\Notifications\\AdminNotification', 'App\\User', 5, '{\"nama\":\"Arta Kusuma\",\"massage\":\"Transaksi telah gagal\",\"id\":96}', '2021-05-12 19:08:55', '2021-05-12 18:41:30', '2021-05-12 19:08:55'),
(10, 'App\\Notifications\\AdminNotification', 'App\\User', 5, '{\"nama\":\"Arta Kusuma\",\"massage\":\"Transaksi telah gagal\",\"id\":97}', '2021-05-12 19:08:51', '2021-05-12 18:41:36', '2021-05-12 19:08:51'),
(11, 'App\\Notifications\\AdminNotification', 'App\\User', 5, '{\"nama\":\"Arta Kusuma\",\"massage\":\"Transaksi telah gagal\",\"id\":88}', '2021-05-12 19:08:46', '2021-05-12 18:41:42', '2021-05-12 19:08:46'),
(12, 'App\\Notifications\\AdminNotification', 'App\\User', 5, '{\"nama\":\"Arta Kusuma\",\"massage\":\"pembatalan transaksi anda berhasil\",\"id\":98}', '2021-05-12 19:40:39', '2021-05-12 19:09:52', '2021-05-12 19:40:39'),
(13, 'App\\Notifications\\AdminNotification', 'App\\User', 5, '{\"nama\":\"Arta Kusuma\",\"massage\":\"Transaksi anda sedang diproses\",\"id\":102}', '2021-05-12 19:38:16', '2021-05-12 19:17:51', '2021-05-12 19:38:16'),
(14, 'App\\Notifications\\AdminNotification', 'App\\User', 5, '{\"nama\":\"Arta Kusuma\",\"massage\":\"Transaksi anda sedang diproses\",\"id\":103}', '2021-05-12 19:40:28', '2021-05-12 19:39:04', '2021-05-12 19:40:28'),
(15, 'App\\Notifications\\AdminNotification', 'App\\User', 5, '{\"nama\":\"Arta Kusuma\",\"massage\":\"pembayaran anda telah terverifikasi\",\"id\":103}', '2021-05-13 08:04:16', '2021-05-12 19:43:07', '2021-05-13 08:04:16'),
(16, 'App\\Notifications\\AdminNotification', 'App\\User', 5, '{\"nama\":\"Arta Kusuma\",\"massage\":\"Barang pesanan sedang dalam perjalanan\",\"id\":103}', '2021-05-13 08:01:11', '2021-05-12 19:45:52', '2021-05-13 08:01:11'),
(17, 'App\\Notifications\\AdminNotification', 'App\\User', 5, '{\"nama\":\"Arta Kusuma\",\"massage\":\"Transaksi anda sedang diproses\",\"id\":104}', '2021-05-13 08:01:10', '2021-05-12 19:51:18', '2021-05-13 08:01:10'),
(18, 'App\\Notifications\\AdminNotification', 'App\\User', 5, '{\"nama\":\"Arta Kusuma\",\"massage\":\"pembayaran anda telah terverifikasi\",\"id\":104}', '2021-05-13 08:01:02', '2021-05-12 19:57:39', '2021-05-13 08:01:02'),
(19, 'App\\Notifications\\AdminNotification', 'App\\User', 5, '{\"nama\":\"debudhi\",\"massage\":\"transaksi anda telah dibatalkan karena tidak sesuai ketentuan\",\"id\":100}', '2021-05-13 08:00:59', '2021-05-12 20:16:59', '2021-05-13 08:00:59'),
(20, 'App\\Notifications\\AdminNotification', 'App\\User', 5, '{\"nama\":\"Arta Kusuma\",\"massage\":\"transaksi anda telah dibatalkan karena tidak sesuai ketentuan\",\"id\":101}', '2021-05-13 08:00:58', '2021-05-12 20:20:00', '2021-05-13 08:00:58'),
(21, 'App\\Notifications\\AdminNotification', 'App\\User', 5, '{\"nama\":\"Arta Kusuma\",\"massage\":\"Transaksi anda telah kadarluarsa\",\"id\":99}', '2021-05-12 21:12:22', '2021-05-12 20:35:11', '2021-05-12 21:12:22'),
(22, 'App\\Notifications\\AdminNotification', 'App\\User', 5, '{\"nama\":\"Arta Kusuma\",\"massage\":\"Transaksi anda sedang diproses\",\"id\":105}', '2021-05-12 21:12:21', '2021-05-12 20:43:55', '2021-05-12 21:12:21'),
(23, 'App\\Notifications\\AdminNotification', 'App\\User', 5, '{\"nama\":\"Arta Kusuma\",\"massage\":\"Barang pesanan sedang dalam perjalanan\",\"id\":104}', '2021-05-12 21:12:20', '2021-05-12 20:53:45', '2021-05-12 21:12:20'),
(24, 'App\\Notifications\\AdminNotification', 'App\\User', 5, '{\"nama\":\"Arta Kusuma\",\"massage\":\"Barang pesanan sedang dalam perjalanan\",\"id\":104}', '2021-05-12 21:12:18', '2021-05-12 21:00:06', '2021-05-12 21:12:18'),
(25, 'App\\Notifications\\AdminNotification', 'App\\User', 5, '{\"nama\":\"Arta Kusuma\",\"massage\":\"Transaksi anda sedang diproses\",\"id\":106}', '2021-05-13 08:00:56', '2021-05-12 21:21:29', '2021-05-13 08:00:56'),
(26, 'App\\Notifications\\AdminNotification', 'App\\User', 5, '{\"nama\":\"Arta Kusuma\",\"massage\":\"transaksi anda telah dibatalkan karena tidak sesuai ketentuan\",\"id\":106}', '2021-05-13 08:00:55', '2021-05-12 21:22:17', '2021-05-13 08:00:55'),
(27, 'App\\Notifications\\AdminNotification', 'App\\User', 5, '{\"nama\":\"Arta Kusuma\",\"massage\":\"Transaksi anda sedang diproses\",\"id\":107}', '2021-05-13 08:00:52', '2021-05-12 21:22:46', '2021-05-13 08:00:52'),
(28, 'App\\Notifications\\AdminNotification', 'App\\User', 5, '{\"nama\":\"Arta Kusuma\",\"massage\":\"pembatalan transaksi anda berhasil\",\"id\":107}', '2021-05-13 08:00:50', '2021-05-12 21:23:50', '2021-05-13 08:00:50'),
(29, 'App\\Notifications\\AdminNotification', 'App\\User', 5, '{\"nama\":\"Arta Kusuma\",\"massage\":\"Transaksi anda sedang diproses\",\"id\":108}', '2021-05-13 08:00:49', '2021-05-12 21:24:23', '2021-05-13 08:00:49'),
(30, 'App\\Notifications\\AdminNotification', 'App\\User', 5, '{\"nama\":\"Arta Kusuma\",\"massage\":\"pembayaran anda telah terverifikasi\",\"id\":108}', '2021-05-12 21:25:33', '2021-05-12 21:25:19', '2021-05-12 21:25:33'),
(31, 'App\\Notifications\\AdminNotification', 'App\\User', 5, '{\"nama\":\"Arta Kusuma\",\"massage\":\"pembayaran anda telah berhasil terverifikasi\",\"id\":108}', '2021-05-13 08:00:48', '2021-05-12 21:31:20', '2021-05-13 08:00:48'),
(32, 'App\\Notifications\\AdminNotification', 'App\\User', 5, '{\"nama\":\"Arta Kusuma\",\"massage\":\"produk telah diterima dengan selamat\",\"id\":108}', '2021-05-13 08:00:46', '2021-05-12 21:34:30', '2021-05-13 08:00:46'),
(33, 'App\\Notifications\\AdminNotification', 'App\\User', 5, '{\"nama\":\"Arta Kusuma\",\"massage\":\"Transaksi anda sedang diproses\",\"id\":109}', '2021-05-13 08:00:45', '2021-05-12 21:35:43', '2021-05-13 08:00:45'),
(34, 'App\\Notifications\\AdminNotification', 'App\\User', 5, '{\"nama\":\"Arta Kusuma\",\"massage\":\"pembayaran anda telah terverifikasi\",\"id\":109}', '2021-05-13 08:00:26', '2021-05-12 21:36:32', '2021-05-13 08:00:26'),
(35, 'App\\Notifications\\AdminNotification', 'App\\User', 5, '{\"nama\":\"Arta Kusuma\",\"massage\":\"Barang pesanan sedang dalam perjalanan\",\"id\":109}', '2021-05-13 07:57:25', '2021-05-12 21:42:27', '2021-05-13 07:57:25'),
(36, 'App\\Notifications\\AdminNotification', 'App\\User', 5, '{\"nama\":\"Arta Kusuma\",\"massage\":\"produk telah diterima dengan selamat\",\"id\":109}', '2021-05-13 07:57:16', '2021-05-12 21:43:20', '2021-05-13 07:57:16'),
(37, 'App\\Notifications\\AdminNotification', 'App\\User', 3, '{\"nama\":\"budhi\",\"massage\":\"Transaksi anda sedang diproses\",\"id\":110}', NULL, '2021-05-13 08:10:37', '2021-05-13 08:10:37'),
(38, 'App\\Notifications\\AdminNotification', 'App\\User', 3, '{\"nama\":\"budhi\",\"massage\":\"Transaksi anda sedang diproses\",\"id\":111}', NULL, '2021-05-13 08:27:00', '2021-05-13 08:27:00'),
(39, 'App\\Notifications\\AdminNotification', 'App\\User', 3, '{\"nama\":\"budhi\",\"massage\":\"Transaksi anda sedang diproses\",\"id\":112}', NULL, '2021-05-13 11:05:10', '2021-05-13 11:05:10'),
(40, 'App\\Notifications\\AdminNotification', 'App\\User', 3, '{\"nama\":\"budhi\",\"massage\":\"pembayaran anda telah terverifikasi\",\"id\":112}', '2021-05-13 11:20:32', '2021-05-13 11:20:17', '2021-05-13 11:20:32'),
(41, 'App\\Notifications\\AdminNotification', 'App\\User', 5, '{\"nama\":\"Arta Kusuma\",\"massage\":\"Transaksi anda sedang diproses\",\"id\":113}', NULL, '2021-05-13 11:21:36', '2021-05-13 11:21:36'),
(42, 'App\\Notifications\\AdminNotification', 'App\\User', 5, '{\"nama\":\"Arta Kusuma\",\"massage\":\"pembayaran anda telah terverifikasi\",\"id\":113}', NULL, '2021-05-13 11:22:09', '2021-05-13 11:22:09'),
(43, 'App\\Notifications\\AdminNotification', 'App\\User', 5, '{\"nama\":\"Arta Kusuma\",\"massage\":\"Barang pesanan sedang dalam perjalanan\",\"id\":113}', NULL, '2021-05-13 11:29:15', '2021-05-13 11:29:15'),
(44, 'App\\Notifications\\AdminNotification', 'App\\User', 3, '{\"nama\":\"budhi\",\"massage\":\"Barang pesanan sedang dalam perjalanan\",\"id\":112}', '2021-05-15 16:32:51', '2021-05-13 11:29:20', '2021-05-15 16:32:51'),
(45, 'App\\Notifications\\AdminNotification', 'App\\User', 8, '{\"nama\":\"Dede Budhi\",\"massage\":\"Transaksi anda sedang diproses\",\"id\":114}', NULL, '2021-05-14 07:55:49', '2021-05-14 07:55:49'),
(46, 'App\\Notifications\\AdminNotification', 'App\\User', 8, '{\"nama\":\"Dede Budhi\",\"massage\":\"pembayaran anda telah terverifikasi\",\"id\":114}', NULL, '2021-05-14 07:56:57', '2021-05-14 07:56:57'),
(47, 'App\\Notifications\\AdminNotification', 'App\\User', 8, '{\"nama\":\"Dede Budhi\",\"massage\":\"Transaksi anda sedang diproses\",\"id\":115}', NULL, '2021-05-14 07:58:15', '2021-05-14 07:58:15'),
(48, 'App\\Notifications\\AdminNotification', 'App\\User', 8, '{\"nama\":\"Dede Budhi\",\"massage\":\"pembayaran anda telah terverifikasi\",\"id\":115}', NULL, '2021-05-14 07:58:43', '2021-05-14 07:58:43'),
(49, 'App\\Notifications\\AdminNotification', 'App\\User', 5, '{\"nama\":\"Arta Kusuma\",\"massage\":\"Transaksi anda telah kadarluarsa\",\"id\":71}', NULL, '2021-05-14 08:01:12', '2021-05-14 08:01:12'),
(50, 'App\\Notifications\\AdminNotification', 'App\\User', 5, '{\"nama\":\"Arta Kusuma\",\"massage\":\"Transaksi anda telah kadarluarsa\",\"id\":72}', NULL, '2021-05-14 08:01:26', '2021-05-14 08:01:26'),
(51, 'App\\Notifications\\AdminNotification', 'App\\User', 5, '{\"nama\":\"Arta Kusuma\",\"massage\":\"Transaksi anda telah kadarluarsa\",\"id\":104}', NULL, '2021-05-14 08:01:32', '2021-05-14 08:01:32'),
(52, 'App\\Notifications\\AdminNotification', 'App\\User', 5, '{\"nama\":\"Arta Kusuma\",\"massage\":\"Transaksi anda telah kadarluarsa\",\"id\":107}', NULL, '2021-05-14 08:01:37', '2021-05-14 08:01:37'),
(53, 'App\\Notifications\\AdminNotification', 'App\\User', 5, '{\"nama\":\"Arta Kusuma\",\"massage\":\"Transaksi anda telah kadarluarsa\",\"id\":108}', NULL, '2021-05-14 08:03:21', '2021-05-14 08:03:21'),
(54, 'App\\Notifications\\AdminNotification', 'App\\User', 5, '{\"nama\":\"Arta Kusuma\",\"massage\":\"Transaksi anda telah kadarluarsa\",\"id\":108}', NULL, '2021-05-14 08:05:20', '2021-05-14 08:05:20'),
(55, 'App\\Notifications\\AdminNotification', 'App\\User', 5, '{\"nama\":\"Arta Kusuma\",\"massage\":\"Transaksi anda telah kadarluarsa\",\"id\":108}', NULL, '2021-05-14 08:05:58', '2021-05-14 08:05:58'),
(56, 'App\\Notifications\\AdminNotification', 'App\\User', 5, '{\"nama\":\"Arta Kusuma\",\"massage\":\"Transaksi anda telah kadarluarsa\",\"id\":109}', NULL, '2021-05-14 08:06:04', '2021-05-14 08:06:04'),
(57, 'App\\Notifications\\AdminNotification', 'App\\User', 5, '{\"nama\":\"Arta Kusuma\",\"massage\":\"Transaksi anda telah kadarluarsa\",\"id\":109}', NULL, '2021-05-14 08:06:47', '2021-05-14 08:06:47'),
(58, 'App\\Notifications\\AdminNotification', 'App\\User', 5, '{\"nama\":\"Arta Kusuma\",\"massage\":\"Transaksi anda telah kadarluarsa\",\"id\":107}', NULL, '2021-05-14 08:07:14', '2021-05-14 08:07:14'),
(59, 'App\\Notifications\\AdminNotification', 'App\\User', 8, '{\"nama\":\"Dede Budhi\",\"massage\":\"Barang pesanan sedang dalam perjalanan\",\"id\":114}', NULL, '2021-05-14 08:30:32', '2021-05-14 08:30:32'),
(60, 'App\\Notifications\\AdminNotification', 'App\\User', 8, '{\"nama\":\"Dede Budhi\",\"massage\":\"Barang pesanan sedang dalam perjalanan\",\"id\":115}', NULL, '2021-05-14 08:30:57', '2021-05-14 08:30:57'),
(61, 'App\\Notifications\\AdminNotification', 'App\\User', 5, '{\"nama\":\"Arta Kusuma\",\"massage\":\"Transaksi anda sedang diproses\",\"id\":116}', '2021-05-14 16:21:00', '2021-05-14 16:03:54', '2021-05-14 16:21:00'),
(62, 'App\\Notifications\\AdminNotification', 'App\\User', 5, '{\"nama\":\"Arta Kusuma\",\"massage\":\"Transaksi anda sedang diproses\",\"id\":117}', NULL, '2021-05-15 14:18:38', '2021-05-15 14:18:38'),
(63, 'App\\Notifications\\AdminNotification', 'App\\User', 5, '{\"nama\":\"Arta Kusuma\",\"massage\":\"pembayaran anda telah terverifikasi\",\"id\":117}', '2021-05-22 17:00:54', '2021-05-15 14:42:26', '2021-05-22 17:00:54'),
(64, 'App\\Notifications\\AdminNotification', 'App\\User', 5, '{\"nama\":\"Arta Kusuma\",\"massage\":\"Barang pesanan sedang dalam perjalanan\",\"id\":117}', NULL, '2021-05-15 14:49:08', '2021-05-15 14:49:08'),
(65, 'App\\Notifications\\AdminNotification', 'App\\User', 5, '{\"nama\":\"Arta Kusuma\",\"massage\":\"Transaksi anda sedang diproses\",\"id\":118}', NULL, '2021-05-15 14:58:36', '2021-05-15 14:58:36'),
(66, 'App\\Notifications\\AdminNotification', 'App\\User', 5, '{\"nama\":\"Arta Kusuma\",\"massage\":\"transaksi anda telah dibatalkan karena tidak sesuai ketentuan\",\"id\":118}', NULL, '2021-05-15 14:59:27', '2021-05-15 14:59:27'),
(67, 'App\\Notifications\\AdminNotification', 'App\\User', 5, '{\"nama\":\"Arta Kusuma\",\"massage\":\"produk telah diterima dengan selamat\",\"id\":117}', NULL, '2021-05-15 15:03:56', '2021-05-15 15:03:56'),
(68, 'App\\Notifications\\AdminNotification', 'App\\User', 3, '{\"nama\":\"budhi\",\"massage\":\"Transaksi anda sedang diproses\",\"id\":119}', '2021-05-15 16:32:23', '2021-05-15 16:02:54', '2021-05-15 16:32:23'),
(69, 'App\\Notifications\\AdminNotification', 'App\\User', 3, '{\"nama\":\"budhi\",\"massage\":\"pembatalan transaksi anda berhasil\",\"id\":119}', '2021-05-15 16:32:43', '2021-05-15 16:02:58', '2021-05-15 16:32:43'),
(70, 'App\\Notifications\\AdminNotification', 'App\\User', 5, '{\"nama\":\"Arta Kusuma\",\"massage\":\"Transaksi anda sedang diproses\",\"id\":120}', NULL, '2021-05-21 10:58:21', '2021-05-21 10:58:21'),
(71, 'App\\Notifications\\AdminNotification', 'App\\User', 5, '{\"nama\":\"Arta Kusuma\",\"massage\":\"transaksi anda telah dibatalkan karena tidak sesuai ketentuan\",\"id\":120}', NULL, '2021-05-21 10:59:33', '2021-05-21 10:59:33'),
(72, 'App\\Notifications\\AdminNotification', 'App\\User', 5, '{\"nama\":\"Arta Kusuma\",\"massage\":\"produk telah diterima dengan selamat\",\"id\":74}', NULL, '2021-05-24 15:19:08', '2021-05-24 15:19:08'),
(73, 'App\\Notifications\\AdminNotification', 'App\\User', 3, '{\"nama\":\"budhi\",\"massage\":\"Transaksi anda sedang diproses\",\"id\":121}', NULL, '2021-05-25 14:40:24', '2021-05-25 14:40:24'),
(74, 'App\\Notifications\\AdminNotification', 'App\\User', 3, '{\"nama\":\"budhi\",\"massage\":\"pembatalan transaksi anda berhasil\",\"id\":121}', NULL, '2021-05-25 14:40:29', '2021-05-25 14:40:29'),
(75, 'App\\Notifications\\AdminNotification', 'App\\User', 3, '{\"nama\":\"budhi\",\"massage\":\"Transaksi anda sedang diproses\",\"id\":122}', NULL, '2021-05-25 14:47:42', '2021-05-25 14:47:42'),
(76, 'App\\Notifications\\AdminNotification', 'App\\User', 5, '{\"nama\":\"Arta Kusuma\",\"massage\":\"Transaksi anda sedang diproses\",\"id\":123}', NULL, '2021-05-27 10:28:22', '2021-05-27 10:28:22'),
(77, 'App\\Notifications\\AdminNotification', 'App\\User', 5, '{\"nama\":\"Arta Kusuma\",\"massage\":\"pembatalan transaksi anda berhasil\",\"id\":123}', NULL, '2021-05-27 10:28:24', '2021-05-27 10:28:24'),
(78, 'App\\Notifications\\AdminNotification', 'App\\User', 5, '{\"nama\":\"Arta Kusuma\",\"massage\":\"Transaksi anda sedang diproses\",\"id\":124}', NULL, '2021-05-27 10:31:03', '2021-05-27 10:31:03'),
(79, 'App\\Notifications\\AdminNotification', 'App\\User', 5, '{\"nama\":\"Arta Kusuma\",\"massage\":\"Transaksi anda sedang diproses\",\"id\":125}', NULL, '2021-05-31 06:33:49', '2021-05-31 06:33:49'),
(80, 'App\\Notifications\\AdminNotification', 'App\\User', 5, '{\"nama\":\"Arta Kusuma\",\"massage\":\"pembatalan transaksi anda berhasil\",\"id\":125}', NULL, '2021-05-31 06:33:53', '2021-05-31 06:33:53'),
(81, 'App\\Notifications\\AdminNotification', 'App\\User', 5, '{\"nama\":\"Arta Kusuma\",\"massage\":\"Transaksi anda sedang diproses\",\"id\":126}', NULL, '2021-05-31 06:35:14', '2021-05-31 06:35:14'),
(82, 'App\\Notifications\\AdminNotification', 'App\\User', 5, '{\"nama\":\"Arta Kusuma\",\"massage\":\"pembatalan transaksi anda berhasil\",\"id\":126}', NULL, '2021-05-31 06:35:32', '2021-05-31 06:35:32'),
(83, 'App\\Notifications\\AdminNotification', 'App\\User', 5, '{\"nama\":\"Arta Kusuma\",\"massage\":\"Transaksi anda sedang diproses\",\"id\":127}', NULL, '2021-05-31 06:36:01', '2021-05-31 06:36:01'),
(84, 'App\\Notifications\\AdminNotification', 'App\\User', 18, '{\"nama\":\"gigi\",\"massage\":\"Transaksi anda sedang diproses\",\"id\":128}', '2021-12-04 10:28:06', '2021-12-04 10:27:05', '2021-12-04 10:28:06'),
(85, 'App\\Notifications\\AdminNotification', 'App\\User', 18, '{\"nama\":\"gigi\",\"massage\":\"pembayaran anda telah terverifikasi\",\"id\":128}', NULL, '2021-12-04 10:35:41', '2021-12-04 10:35:41'),
(86, 'App\\Notifications\\AdminNotification', 'App\\User', 18, '{\"nama\":\"gigi\",\"massage\":\"Barang pesanan sedang dalam perjalanan\",\"id\":128}', NULL, '2021-12-06 14:15:55', '2021-12-06 14:15:55'),
(87, 'App\\Notifications\\AdminNotification', 'App\\User', 18, '{\"nama\":\"gigi\",\"massage\":\"Transaksi anda sedang diproses\",\"id\":129}', NULL, '2021-12-06 14:43:02', '2021-12-06 14:43:02');

--
-- Indexes for dumped tables
--

--
-- Indexes for table `admins`
--
ALTER TABLE `admins`
  ADD PRIMARY KEY (`id`),
  ADD UNIQUE KEY `admins_email_unique` (`email`);

--
-- Indexes for table `admin_notifications`
--
ALTER TABLE `admin_notifications`
  ADD PRIMARY KEY (`id`),
  ADD KEY `seller_notifications_notifiable_type_notifiable_id_index` (`notifiable_type`,`notifiable_id`),
  ADD KEY `notifiable_id` (`notifiable_id`);

--
-- Indexes for table `carts`
--
ALTER TABLE `carts`
  ADD PRIMARY KEY (`id`),
  ADD KEY `user_id` (`user_id`),
  ADD KEY `product_id` (`product_id`);

--
-- Indexes for table `cities`
--
ALTER TABLE `cities`
  ADD PRIMARY KEY (`id`);

--
-- Indexes for table `costumer`
--
ALTER TABLE `costumer`
  ADD PRIMARY KEY (`id`),
  ADD UNIQUE KEY `costumer_email_unique` (`email`);

--
-- Indexes for table `couriers`
--
ALTER TABLE `couriers`
  ADD PRIMARY KEY (`id`);

--
-- Indexes for table `discounts`
--
ALTER TABLE `discounts`
  ADD PRIMARY KEY (`id`),
  ADD KEY `id_product` (`id_product`);

--
-- Indexes for table `failed_jobs`
--
ALTER TABLE `failed_jobs`
  ADD PRIMARY KEY (`id`);

--
-- Indexes for table `migrations`
--
ALTER TABLE `migrations`
  ADD PRIMARY KEY (`id`);

--
-- Indexes for table `password_resets`
--
ALTER TABLE `password_resets`
  ADD KEY `password_resets_email_index` (`email`);

--
-- Indexes for table `products`
--
ALTER TABLE `products`
  ADD PRIMARY KEY (`id`);

--
-- Indexes for table `product_categories`
--
ALTER TABLE `product_categories`
  ADD PRIMARY KEY (`id`);

--
-- Indexes for table `product_category_details`
--
ALTER TABLE `product_category_details`
  ADD PRIMARY KEY (`id`),
  ADD KEY `product_id` (`product_id`),
  ADD KEY `category_id` (`category_id`);

--
-- Indexes for table `product_images`
--
ALTER TABLE `product_images`
  ADD PRIMARY KEY (`id`),
  ADD KEY `product_id` (`product_id`);

--
-- Indexes for table `product_reviews`
--
ALTER TABLE `product_reviews`
  ADD PRIMARY KEY (`id`),
  ADD KEY `user_id` (`user_id`),
  ADD KEY `rate_id` (`rate`),
  ADD KEY `product_id` (`product_id`);

--
-- Indexes for table `provinces`
--
ALTER TABLE `provinces`
  ADD PRIMARY KEY (`id`);

--
-- Indexes for table `response`
--
ALTER TABLE `response`
  ADD PRIMARY KEY (`id`),
  ADD KEY `review_id` (`review_id`),
  ADD KEY `admin_id` (`admin_id`);

--
-- Indexes for table `transactions`
--
ALTER TABLE `transactions`
  ADD PRIMARY KEY (`id`),
  ADD KEY `courier_id` (`courier_id`),
  ADD KEY `user_id` (`user_id`);

--
-- Indexes for table `transaction_details`
--
ALTER TABLE `transaction_details`
  ADD PRIMARY KEY (`id`),
  ADD KEY `id_transaction` (`transaction_id`),
  ADD KEY `id_product` (`product_id`);

--
-- Indexes for table `users`
--
ALTER TABLE `users`
  ADD PRIMARY KEY (`id`),
  ADD UNIQUE KEY `users_email_unique` (`email`);

--
-- Indexes for table `user_activations`
--
ALTER TABLE `user_activations`
  ADD KEY `user_activations_token_index` (`token`);

--
-- Indexes for table `user_notifications`
--
ALTER TABLE `user_notifications`
  ADD PRIMARY KEY (`id`),
  ADD KEY `user_notifications_notifiable_type_notifiable_id_index` (`notifiable_type`,`notifiable_id`),
  ADD KEY `notifiable_id` (`notifiable_id`);

--
-- AUTO_INCREMENT for dumped tables
--

--
-- AUTO_INCREMENT for table `admins`
--
ALTER TABLE `admins`
  MODIFY `id` int(10) UNSIGNED NOT NULL AUTO_INCREMENT, AUTO_INCREMENT=104;

--
-- AUTO_INCREMENT for table `admin_notifications`
--
ALTER TABLE `admin_notifications`
  MODIFY `id` int(11) NOT NULL AUTO_INCREMENT, AUTO_INCREMENT=46;

--
-- AUTO_INCREMENT for table `carts`
--
ALTER TABLE `carts`
  MODIFY `id` int(10) UNSIGNED NOT NULL AUTO_INCREMENT, AUTO_INCREMENT=213;

--
-- AUTO_INCREMENT for table `cities`
--
ALTER TABLE `cities`
  MODIFY `id` bigint(20) UNSIGNED NOT NULL AUTO_INCREMENT, AUTO_INCREMENT=502;

--
-- AUTO_INCREMENT for table `costumer`
--
ALTER TABLE `costumer`
  MODIFY `id` int(10) UNSIGNED NOT NULL AUTO_INCREMENT;

--
-- AUTO_INCREMENT for table `couriers`
--
ALTER TABLE `couriers`
  MODIFY `id` int(10) UNSIGNED NOT NULL AUTO_INCREMENT, AUTO_INCREMENT=6;

--
-- AUTO_INCREMENT for table `discounts`
--
ALTER TABLE `discounts`
  MODIFY `id` int(10) NOT NULL AUTO_INCREMENT, AUTO_INCREMENT=18;

--
-- AUTO_INCREMENT for table `failed_jobs`
--
ALTER TABLE `failed_jobs`
  MODIFY `id` bigint(20) UNSIGNED NOT NULL AUTO_INCREMENT;

--
-- AUTO_INCREMENT for table `migrations`
--
ALTER TABLE `migrations`
  MODIFY `id` int(10) UNSIGNED NOT NULL AUTO_INCREMENT, AUTO_INCREMENT=24;

--
-- AUTO_INCREMENT for table `products`
--
ALTER TABLE `products`
  MODIFY `id` int(10) UNSIGNED NOT NULL AUTO_INCREMENT, AUTO_INCREMENT=25;

--
-- AUTO_INCREMENT for table `product_categories`
--
ALTER TABLE `product_categories`
  MODIFY `id` int(10) UNSIGNED NOT NULL AUTO_INCREMENT, AUTO_INCREMENT=9;

--
-- AUTO_INCREMENT for table `product_category_details`
--
ALTER TABLE `product_category_details`
  MODIFY `id` int(10) UNSIGNED NOT NULL AUTO_INCREMENT, AUTO_INCREMENT=77;

--
-- AUTO_INCREMENT for table `product_images`
--
ALTER TABLE `product_images`
  MODIFY `id` int(10) UNSIGNED NOT NULL AUTO_INCREMENT, AUTO_INCREMENT=118;

--
-- AUTO_INCREMENT for table `product_reviews`
--
ALTER TABLE `product_reviews`
  MODIFY `id` int(10) UNSIGNED NOT NULL AUTO_INCREMENT, AUTO_INCREMENT=21;

--
-- AUTO_INCREMENT for table `provinces`
--
ALTER TABLE `provinces`
  MODIFY `id` bigint(20) UNSIGNED NOT NULL AUTO_INCREMENT, AUTO_INCREMENT=35;

--
-- AUTO_INCREMENT for table `response`
--
ALTER TABLE `response`
  MODIFY `id` int(10) UNSIGNED NOT NULL AUTO_INCREMENT, AUTO_INCREMENT=7;

--
-- AUTO_INCREMENT for table `transactions`
--
ALTER TABLE `transactions`
  MODIFY `id` int(10) UNSIGNED NOT NULL AUTO_INCREMENT, AUTO_INCREMENT=130;

--
-- AUTO_INCREMENT for table `transaction_details`
--
ALTER TABLE `transaction_details`
  MODIFY `id` int(10) UNSIGNED NOT NULL AUTO_INCREMENT, AUTO_INCREMENT=125;

--
-- AUTO_INCREMENT for table `users`
--
ALTER TABLE `users`
  MODIFY `id` int(10) UNSIGNED NOT NULL AUTO_INCREMENT, AUTO_INCREMENT=20;

--
-- AUTO_INCREMENT for table `user_notifications`
--
ALTER TABLE `user_notifications`
  MODIFY `id` int(11) NOT NULL AUTO_INCREMENT, AUTO_INCREMENT=88;

--
-- Constraints for dumped tables
--

--
-- Constraints for table `admin_notifications`
--
ALTER TABLE `admin_notifications`
  ADD CONSTRAINT `admin_notifications_ibfk_1` FOREIGN KEY (`notifiable_id`) REFERENCES `admins` (`id`);

--
-- Constraints for table `carts`
--
ALTER TABLE `carts`
  ADD CONSTRAINT `carts_ibfk_1` FOREIGN KEY (`user_id`) REFERENCES `users` (`id`),
  ADD CONSTRAINT `carts_ibfk_2` FOREIGN KEY (`product_id`) REFERENCES `products` (`id`);

--
-- Constraints for table `discounts`
--
ALTER TABLE `discounts`
  ADD CONSTRAINT `discounts_ibfk_1` FOREIGN KEY (`id_product`) REFERENCES `products` (`id`);

--
-- Constraints for table `product_category_details`
--
ALTER TABLE `product_category_details`
  ADD CONSTRAINT `product_category_details_ibfk_1` FOREIGN KEY (`product_id`) REFERENCES `products` (`id`),
  ADD CONSTRAINT `product_category_details_ibfk_2` FOREIGN KEY (`category_id`) REFERENCES `product_categories` (`id`);

--
-- Constraints for table `product_images`
--
ALTER TABLE `product_images`
  ADD CONSTRAINT `product_images_ibfk_1` FOREIGN KEY (`product_id`) REFERENCES `products` (`id`);

--
-- Constraints for table `product_reviews`
--
ALTER TABLE `product_reviews`
  ADD CONSTRAINT `product_reviews_ibfk_1` FOREIGN KEY (`user_id`) REFERENCES `users` (`id`),
  ADD CONSTRAINT `product_reviews_ibfk_3` FOREIGN KEY (`product_id`) REFERENCES `products` (`id`);

--
-- Constraints for table `response`
--
ALTER TABLE `response`
  ADD CONSTRAINT `response_ibfk_1` FOREIGN KEY (`review_id`) REFERENCES `product_reviews` (`id`),
  ADD CONSTRAINT `response_ibfk_2` FOREIGN KEY (`admin_id`) REFERENCES `admins` (`id`);

--
-- Constraints for table `transactions`
--
ALTER TABLE `transactions`
  ADD CONSTRAINT `transactions_ibfk_1` FOREIGN KEY (`courier_id`) REFERENCES `couriers` (`id`),
  ADD CONSTRAINT `transactions_ibfk_2` FOREIGN KEY (`user_id`) REFERENCES `users` (`id`);

--
-- Constraints for table `transaction_details`
--
ALTER TABLE `transaction_details`
  ADD CONSTRAINT `transaction_details_ibfk_1` FOREIGN KEY (`transaction_id`) REFERENCES `transactions` (`id`),
  ADD CONSTRAINT `transaction_details_ibfk_2` FOREIGN KEY (`product_id`) REFERENCES `products` (`id`);

--
-- Constraints for table `user_notifications`
--
ALTER TABLE `user_notifications`
  ADD CONSTRAINT `user_notifications_ibfk_1` FOREIGN KEY (`notifiable_id`) REFERENCES `users` (`id`);
COMMIT;

/*!40101 SET CHARACTER_SET_CLIENT=@OLD_CHARACTER_SET_CLIENT */;
/*!40101 SET CHARACTER_SET_RESULTS=@OLD_CHARACTER_SET_RESULTS */;
/*!40101 SET COLLATION_CONNECTION=@OLD_COLLATION_CONNECTION */;
